battery_drop,speed,route_deviation,altitude_change,speed_change,label
2.4075703760171328,7.19322608536052,0.42582157080682387,0.005544874552583956,1.6699521142386675,Normal
3.862400690700042,19.760886413366812,2.669723910167641,8.183357355189854,13.230349994524609,Sensor Spike
7.399492747678567,6.022198251769297,0.6547954461203722,1.4450675660437844,1.4302595934596263,Route Anomaly
1.0440262467061534,10.562360726275893,1.622091481122788,1.600243915284546,0.21360580315603128,Route Anomaly
4.9943781188021665,13.604800547420007,0.7142805480775509,3.225031887473716,7.8302158069106955,Sensor Spike
13.963985602060845,7.922799415945727,1.356594097035743,-3.078470189470303,-2.0688864478318965,Battery Anomaly
2.1887088868080062,9.60536958545536,1.8779438321208293,15.56085340774073,7.333583221440264,Sensor Spike
6.027990728451465,9.740002926229762,0.0,9.089676693759879,18.61983819331365,Sensor Spike
6.23278936228467,10.751692167218371,0.48773446631178097,-0.3112364629054145,1.0072088300581115,Normal
2.636450682841674,11.492005687644165,0.9039576745923308,-0.7816905555384612,0.03496424608610249,Normal
4.380364364739613,8.658022060868532,0.0,-0.38946348298873545,1.3163429047752924,Normal
1.3438869506573146,9.486149611891154,0.6903892024069528,0.5024005885176401,-1.0788045826930908,Normal
1.6996990308369329,10.357733356692231,0.5186051226450874,-0.9923097578144298,0.13875453998187895,Normal
2.0386264764934854,11.627260726938742,0.30411917482484313,-0.40135675680188926,0.8891481971426354,Normal
1.937405044946015,13.557233802113599,0.3228084239995518,8.653928894473536,2.326490370889744,Sensor Spike
3.2603029035287117,9.115209068666335,0.7926625334021851,-0.07925518699414702,0.14655389178858957,Normal
2.0585907614240897,10.555755147541905,0.6875646425903421,0.039380829924273164,-1.0112445062285849,Normal
3.7513579037979974,11.283354696959224,0.6890989225683626,-0.10853922305049096,-1.0340531550767458,Normal
3.4174939730696976,9.26631604128393,0.20308603982996998,-0.9693667505831778,0.31645438254562,Normal
1.5525428375676922,12.647390666914438,0.0,0.20402781886184967,0.7313460925153207,Route Anomaly
3.8952262997596017,10.814463481650497,0.0,-0.1736569645467469,-1.0954563771864296,Normal
9.388747728149735,13.125850322628496,0.011234406065204483,-0.5129937485610578,-1.216830685860083,Battery Anomaly
5.944397579725529,10.753914195744834,0.2924053628003089,0.7694388178291762,-0.7701614152830306,Normal
1.3711217698851028,13.673895671443704,0.1410429206974656,-1.0623643064661357,0.3122705990743353,Normal
3.5563719812299164,13.31284061267736,0.9904027998505034,0.7413629618886391,0.6057008213035664,Normal
19.67997946710267,6.498619608135103,0.7420408069006291,0.3708941980666651,0.22649063345370848,Battery Anomaly
19.026768760616207,10.367300108452804,0.5751948954878798,0.5447663167259664,3.4828061097339176,Battery Anomaly
2.5845183433320855,13.565944823658606,0.30715561461239993,-0.7157574224786051,1.0603075209504038,Normal
10.237261399448736,9.944210869627861,1.0567482335214513,1.0207779745825005,-2.788137466446082,Battery Anomaly
2.556959360812729,16.660934439805416,0.5979563738694796,0.2019994661055068,0.2430193797089042,Normal
4.5280824357972485,13.450350454976348,0.6649207352552898,3.0306914339143995,7.81930359160801,Sensor Spike
7.288011054768521,13.556181995273565,2.0350382146292585,1.479171032737191,0.704093326683956,Route Anomaly
3.009426068693024,8.259872232972189,4.640766984777932,-1.112573752994872,-2.919099275604484,Route Anomaly
3.783459135894241,10.731493234847306,0.5586460349791573,1.063665085006637,-1.8122649350516316,Normal
2.663748294933877,9.345477606179848,0.651521036268611,0.014277028190981061,2.560674208457432,Normal
3.387281987847423,8.452634745012105,1.1121480645288238,-0.5775144764546534,0.4939056224721413,Normal
1.4806463037940185,11.253494010108394,0.0,0.6328752898200212,1.8298617012393001,Normal
2.444479719512655,15.007333018492318,1.3146133614936757,-0.021371916035818728,1.2857913123902553,Normal
17.831044083558787,10.061538192666335,1.6946977446222005,-2.0305082996356196,-0.7140993282945012,Battery Anomaly
3.0484640297322816,10.369583232245944,3.326853687443183,0.8530795163415412,2.4259318059504262,Route Anomaly
2.8700797389862087,10.244526993062397,0.8146276955363715,0.20154011071304256,0.7990869819436492,Normal
3.600988131977585,11.34201444655814,1.3069918408537604,1.5966713607450287,2.241457323665033,Normal
4.894760920613394,11.476047418259572,0.37208410338682535,0.7268527044309031,-0.22388928110580075,Normal
3.7172399822625546,15.569189237022345,0.5503373141766144,1.6322425357186798,-1.0368645586285752,Normal
3.315361949534968,11.88596223254904,0.46675486221116413,-0.8651842157054024,1.1469928542010284,Normal
4.42662388970479,14.195753876804838,0.6810314562945889,1.0473131767657595,0.6105891063254343,Normal
17.758278095722062,14.13753962175183,0.8859114358088567,-1.2286639282923302,-2.6522852781043555,Battery Anomaly
6.187785595501884,11.03884710489735,0.8746213903135861,-0.5196702526706594,0.6956211808647756,Normal
3.1862431757948446,10.038027637509366,0.7273836583386759,-0.5048012267415813,-2.0019159144375833,Normal
1.794163125147171,10.76890088308498,0.8497805688354976,0.9745105884821167,-2.0864356847002283,Normal
0.5,8.718226589779471,0.0008695502286664158,0.27815113561413773,-4.689647593892604,Route Anomaly
3.0527716567064846,9.308682099873794,0.0,-0.2502960517527206,2.3578237067303673,Normal
1.0531977027711734,10.763077137674612,0.13707032831463903,-0.5481045950443819,-1.1354602005604995,Normal
5.086367415405134,11.86367579522451,0.36534530955553834,7.237152173111353,1.91844903208312,Sensor Spike
4.47852706739801,10.295549427333036,1.050811916580852,0.23173269025168403,-0.5103322744258137,Normal
7.662658325814412,10.3426627195128,0.9913206481875624,1.3487586774126146,2.132980601159445,Battery Anomaly
4.410499815336919,14.285059831437918,2.416628709644013,-1.4629332924296106,2.8268751639041088,Route Anomaly
14.218998692144806,8.830290207683696,0.0,1.226545493592894,2.2127918561388022,Battery Anomaly
2.55380214022174,12.37818626604727,1.6645980079895852,11.066966862594796,11.858956119817726,Sensor Spike
5.0681653373742765,13.578126709068755,0.0,-0.31349907044354763,-1.2523265865495072,Normal
2.7475581839703294,11.245264471389206,0.4585661930333325,0.048075117939593154,0.3790898098124085,Normal
5.945943972090338,12.26754068541875,0.37402279247740033,0.0012322801344016865,0.10576448688293161,Normal
2.5682181027596775,13.593115879663106,0.44855989232439875,0.7110230323898497,-1.8536098619858683,Normal
17.910397947835904,5.1501156242016055,1.7541137612506223,1.9242860376941908,0.917618636308841,Battery Anomaly
2.548787661214653,10.095320478427048,0.330849674082342,-0.14466776001517523,0.35255146603624943,Normal
5.214014695547717,9.620189920695253,0.0,-0.2949072080192613,1.6111410280134186,Normal
3.5779473629732768,12.390790197135262,3.724816961505572,-0.8373045984280909,-0.7165440771491438,Route Anomaly
0.5,10.853330758634108,0.6197670724485163,0.5579349925023933,-2.3358660995112133,Normal
6.381439115283473,13.027333259795029,1.0806773892471435,-1.505968064398162,0.08739071475302052,Route Anomaly
2.5405360869287676,11.155293854524869,0.8747302491914549,-0.5204914750087705,-2.5647879937723284,Normal
3.5372689999537297,10.137592190806409,0.2193649696854314,-0.067207092073783,0.53036342159359,Normal
4.208986297045393,10.76109610488451,0.08919966227178297,-0.2349589528995745,-2.227060398412532,Normal
0.5,14.265490873029817,0.1891274597921791,-0.3833959684791516,-0.030777968935009614,Normal
1.9600272569505135,9.092770056366751,0.07235006152744354,0.17364478888694018,0.8606605304187827,Normal
2.753513024914454,12.037268599113679,0.0,-0.21985647973958194,1.9130963417737568,Normal
6.496415247762997,5.439164083523945,0.8218278505974315,9.579885479917296,10.130993021692518,Sensor Spike
0.8772586668295188,9.25543008817763,3.173698739687688,-2.5954240404594398,-3.826748470184908,Route Anomaly
0.5190917877037668,11.862253527816938,0.18508750346784797,-0.31623174702894735,-1.3298916768180855,Normal
1.5107663887305798,11.715330649238258,0.0,0.12279500225085793,1.0137950059284453,Normal
9.66562785706085,8.853774198529763,0.08478126403972774,-2.1155193900080986,1.704964192216834,Battery Anomaly
4.596522382382676,6.848804553728405,3.863083236186638,-1.4742487374125657,-3.014974829984679,Route Anomaly
18.646332982756835,8.785389367038299,0.1228244244624239,-1.4797118161422689,2.432024146245917,Battery Anomaly
7.1101810364095925,15.111840801982332,0.4601105884233069,2.3499131954604966,17.866969744196474,Sensor Spike
5.159101817599686,13.215473525429905,0.9328891309643605,8.293028095510996,10.07669561583496,Sensor Spike
6.383029306239551,11.50405522841405,3.8631232555743837,-3.4818114851029387,1.0164713517775743,Route Anomaly
0.5,12.886450656631837,0.0,16.916126469573335,12.93471564317198,Sensor Spike
3.270326764813256,8.09208556473542,4.151537299697909,-0.7555531556359136,0.5614642807785462,Route Anomaly
4.6509914703615856,16.953909509571425,1.1854512513584083,6.5309543122272435,8.9450025822149,Sensor Spike
1.4695104101435037,9.12080737281922,0.655179644927478,0.13087513968468,0.2650197094106879,Normal
4.7902579086061765,7.19883399144297,2.9890247734011632,-0.16471747129158976,-0.45955829097285816,Route Anomaly
2.293348703932761,6.946401470015001,0.9645258347737014,3.784821172806108,5.940675049507693,Sensor Spike
17.39203887959761,6.86852278924706,1.513922212316285,-1.8047662228207604,1.5431385056474323,Battery Anomaly
13.724456521967502,14.461965497740724,0.7355720344208198,2.543694643453951,-0.6969027791014637,Battery Anomaly
3.729324974700078,7.3043733137416975,0.4915594819157575,-0.6544639092175952,1.761708407347797,Normal
6.036091872112131,12.563450502168948,1.3493544043050552,0.032387060145444346,0.6871084660848551,Normal
2.7559836202430548,11.505461818132126,0.3465947669843592,5.2498135364738525,3.1587815191833135,Sensor Spike
0.7955403401871867,13.73444202400114,0.29892514651113045,0.5745642225345944,-1.2522528432040756,Normal
6.71782037869654,6.948316821998924,0.0,1.2140283077877179,-3.1986821711935725,Battery Anomaly
2.5506493452618053,13.105106820083808,1.2677710060102463,1.0457607003138298,1.1481705961364934,Normal
6.042946181639554,14.534180177209512,0.8971730259123127,10.25834561535467,17.79354823315183,Sensor Spike
1.5809113801251156,13.458416396420596,0.0,-0.5855601390419156,-0.2251588498088664,Normal
12.704258394724134,11.00254546556911,1.6801699236544518,-0.7596107555662837,-1.9864183510277134,Battery Anomaly
0.8546983386936158,10.874664763686601,0.7389262325555094,-1.5595281324620323,-1.8182196847704808,Normal
1.6861023234378507,10.132086651658597,3.519976232609359,10.46713331821282,4.964391435894638,Sensor Spike
2.021804953314389,12.071903709277727,0.1957601697529982,-0.8905249099290126,-1.4831779838772507,Normal
1.5720345646899276,18.337865136679724,1.0860334572595558,7.930400641254184,10.868804228236066,Sensor Spike
4.1769744158773765,11.052091159417026,0.0,-0.8111685683359338,2.0488553864936296,Normal
0.5,15.134512934498353,1.0893404727190967,0.8461854660466729,0.9263434324751441,Normal
3.637295855749258,5.47720157748414,0.4185350835444494,1.0010243830717735,-1.295605136005386,Normal
4.683225254458979,13.533297174106119,0.46625493355975506,0.09743963369554098,-0.4374986179504784,Normal
1.1329045420966846,8.764471548630098,0.6885666861612075,0.7316477613561388,-1.5466460624040308,Normal
4.413136937565588,12.698809878878581,3.5250399491665716,-0.40547727783400844,-2.314812048032573,Route Anomaly
4.739337418127957,15.157735438995246,0.10777697613287276,-1.1613003450540837,0.019945333788328606,Normal
3.872730844331401,9.517188770609746,0.0,-0.9810128198344463,-0.9620956803562472,Normal
2.960930459976422,17.247825122357277,0.14957982072563147,8.810174116862711,8.555135632193696,Sensor Spike
2.9176225663705813,7.951616343241212,2.5204817111594724,0.8855895572093951,-0.8836687527370735,Route Anomaly
1.115305566228318,14.467938057473242,6.255246887898694,0.2368197124166949,3.520536909270368,Route Anomaly
2.499926230507355,16.800398544069978,0.7036425504072296,7.036166183720445,13.283284444285542,Sensor Spike
0.7575295280824659,11.59266056223341,0.0,-0.7686883701622351,-0.3637672145783886,Normal
2.3233889280720597,9.25558231695296,0.40338204340050654,-0.12080283961443344,-0.7045961808044405,Normal
2.981806325199294,8.195297855180948,0.0,0.7431309917655387,0.46224017359775904,Normal
2.680654361315365,11.773932657138207,0.8190633706699688,0.5538700004464676,2.0254946877588997,Normal
2.7651557300664997,12.39997355351477,1.1296418365671235,11.62611860704944,10.056277613549366,Sensor Spike
5.645905562109855,14.202940678619214,0.6189535157216433,14.957125438099164,6.4941862984766585,Sensor Spike
3.3601692222956583,9.03167603354962,0.5361322338768841,0.5729162871766439,-2.393037530286454,Normal
15.339506177866008,11.191164904230453,0.45364322714032923,-2.172176719530953,-2.3196387282608146,Battery Anomaly
2.8350834428766136,6.408291105976533,0.0,0.6896336483754298,-2.824846652633272,Normal
3.655301958713224,8.232548226724182,0.51840649084725,0.7690739895306566,-0.5299806856744151,Normal
2.672043027442016,10.921613447928577,0.14262787906556745,0.32521819973930716,0.023545163368670075,Normal
1.8953806653434337,7.043405929632694,4.648974922629626,-3.4183116948946473,-1.0636237382656493,Route Anomaly
15.216523305545092,13.451811941312931,0.8742245848021384,-1.2612855965728256,-1.2775098115194568,Battery Anomaly
5.030763276162845,8.44119891291202,0.8474894594061341,-1.5378033202006884,-0.4002929628468096,Normal
16.111589759996058,7.876111469410395,0.0,0.1277108348294358,-0.5641874544243908,Battery Anomaly
0.9823649023448183,11.11317111976491,0.0,-0.31962202142136165,-0.12657744974852791,Normal
2.362276065973475,10.16025193700699,0.0,-1.1005070347289878,1.061269582893447,Normal
2.33953998054264,9.134322159933637,3.5097217328956543,1.0585504260673586,3.39360522639732,Route Anomaly
0.5,12.248757518367245,0.578241851173379,0.635160608045972,-2.913315534852378,Normal
4.268418130290535,8.763585692547013,0.8342434052777215,0.8361035683022029,-0.5755658221853526,Normal
0.5,12.753696179183159,0.0,6.076778318844782,20.857301681477423,Sensor Spike
3.748817941563692,9.859566214316345,0.9320100830626417,-0.9499420741689776,-0.05324716116769415,Normal
14.590427714378954,9.928147150264815,0.6733328556361999,2.153447513502452,-1.3836920080469532,Battery Anomaly
2.785041675893675,16.225105994106542,1.0856211496970987,-0.7630596197294556,-1.2744167129276356,Normal
1.4897333073438668,8.557373383108605,0.18877819272892868,7.563043871986626,6.407424068625418,Sensor Spike
16.248094773605935,9.039609657318625,1.5032486551717255,0.3133103982048435,-1.7468620769174226,Battery Anomaly
3.2141145943770977,12.434601818382061,4.786561733465852,-1.5439493174725871,4.535477315010247,Route Anomaly
6.665780255334386,15.607664195218023,0.0,-0.6320674300264564,-0.28690992791705083,Battery Anomaly
6.0690731112921075,9.224393760218732,0.41814241209998004,-1.0020683082987307,-1.1490536764806811,Normal
1.2987983677762118,12.326799046279811,0.707725276440016,-0.889503813328688,-0.961590033103043,Normal
1.7416451814673157,9.263760328834795,2.081602910603497,2.714411117461578,0.8024879553756656,Route Anomaly
3.276025785600418,8.829673599195983,0.7274947800868051,-1.5271176057464046,2.219058496656273,Normal
5.008951069648193,13.119738138560319,4.254869870318819,0.518903938071946,-0.11385688354975748,Route Anomaly
4.830529842083353,10.27553383391461,0.0,0.04858124684107676,0.02903970772160025,Normal
8.977560245090825,7.67532528223262,0.9865382868738646,1.0779998663229446,-1.037317739187262,Battery Anomaly
4.117558306748537,8.670514787449894,0.6132377615546306,-0.44476491372160165,-1.34561806157194,Normal
11.770022181873045,7.8826177638351105,0.29294429818835865,2.9007244233020804,2.981892016603205,Battery Anomaly
3.937929425006499,8.44983413750303,1.1868559142771946,-0.31215220581188574,-3.806323970227107,Route Anomaly
3.7326994965385603,5.664983567531007,0.7042406506523023,-1.478972819570365,-0.9575408286769735,Normal
4.117531339346613,8.336933395134777,0.02600635597678147,0.624445496444859,1.8318813287772318,Normal
2.2545660960296554,9.576594353905985,0.29529167165508863,0.1905257710155775,0.8156211633518513,Normal
2.7478129248919796,10.230024387013556,1.687968605209826,10.067469582746918,0.15038181238658677,Sensor Spike
5.996615895674483,3.594738014879784,0.0,0.3054732859466155,-1.771165387963141,Battery Anomaly
3.0408151108258985,15.526953222511022,2.433535680487371,7.013691760602184,5.990112423298541,Sensor Spike
16.65716564788536,10.88297194005517,0.8513652884803206,-0.7601065113292158,-3.1722242846451003,Battery Anomaly
14.31333009092023,10.030393861865152,0.0,-0.6834042066388882,1.741579740290573,Battery Anomaly
2.2498762311050884,8.053809560068037,0.6662640389020992,0.6347056536028116,-0.4487380588625105,Normal
4.38117142313701,12.632262962424024,0.43286823539933983,0.2518639358587432,1.8286901310845356,Normal
0.5,14.064396146910289,1.076056748291396,-0.3326736657704807,1.2013558849384856,Normal
4.598720293630564,16.9503705546356,0.2811429357994415,2.63822578748601,5.9938264016212415,Sensor Spike
3.767591121790723,13.672271802271649,0.0357523813027511,0.5045718323540507,1.4217138098001278,Normal
2.97296434881991,6.751241561695464,3.834480336027234,3.6400121121782294,1.304567056357027,Route Anomaly
3.958219974446512,12.838448974000917,3.429860550640402,1.4309939960837954,-2.2530615550063495,Route Anomaly
2.301319118713292,13.516842861571172,2.1746828788723382,-2.5661116174512903,-2.77155627583382,Route Anomaly
1.7460366004214398,11.462574306519446,0.9306873544019647,-0.3849851336296737,1.2035748389092464,Normal
1.1997711056966804,6.95439405338729,0.0,12.07914368179356,2.436866473306779,Sensor Spike
2.324398486200711,9.695932797551531,1.0300299304654859,-0.46892494130444207,-1.0281172128365221,Normal
8.125221736967458,9.349492315824692,1.2796163078634388,-1.030725841741635,-1.7556380853251277,Battery Anomaly
2.71812576823561,11.616038166073173,0.10628862548411222,-1.294534274508011,-0.22719224676591215,Normal
3.988173722005506,10.704855059336406,1.6909702812400254,-2.6579107368265142,-3.9522670511360776,Route Anomaly
1.1464949369410538,11.447567977909456,1.5893186162999993,4.556404172081214,14.902894352606658,Sensor Spike
6.4303867698562325,8.29934659799477,3.0237677380944024,0.10360635027476259,1.215881726523377,Route Anomaly
2.350230855670951,10.87338570686999,1.5318831364123402,8.109829595347975,15.916347141632096,Sensor Spike
13.331392269996218,9.594095263673555,0.4160006427310902,0.07925960873590443,-3.4417584417385236,Battery Anomaly
6.156080763506992,12.855147650119898,0.0,13.789694003340356,8.54239484428586,Sensor Spike
3.7954252733954235,9.671817791221613,0.07635494646569696,9.15497248075236,-0.5118532055848766,Sensor Spike
6.6210776980346004,7.217892107933202,3.80397987884308,0.8531365001029589,2.2113854953592655,Route Anomaly
17.44701418208095,10.298213965634751,1.6120574078421186,0.43565639620792956,1.1262201779268421,Battery Anomaly
3.5172109991415725,11.261523434106365,0.41024192945744054,0.4580369684256985,0.6665571959593075,Normal
4.853693635446876,11.779790112098055,0.40739436249269806,0.6791647446216481,-0.5580188697963788,Normal
4.138874947709084,8.981529597705975,1.614496590145123,1.5605081324739871,2.4859394798987884,Route Anomaly
2.3045006135426056,10.500731193699975,0.0,-0.6252965354282863,2.125336144020465,Normal
3.767950994137734,17.927762295160967,0.7835491999342636,11.070857280816202,7.549571482270337,Sensor Spike
3.0677468564396406,12.112880371957656,0.4042818835023857,-0.34563394929291164,1.846440172257335,Normal
11.148375180055568,9.308231489197233,0.42599205142732344,-0.21071675147649083,1.8679835937031644,Battery Anomaly
2.968475925208117,13.940754287208481,0.2968313390837519,-0.039271679593887776,-1.7520360021099046,Normal
3.3468606426934238,12.642840467712904,0.0,0.685103172642783,0.7917774106205602,Normal
3.6479875918611584,5.5733427829618165,1.4220777913557905,0.01413650800232058,-1.1342746945748088,Normal
1.3778816365283515,11.529412533214485,5.053273104257798,1.5754818066312712,-2.2855018947218815,Route Anomaly
2.9039627122268974,13.197526172092166,5.279181087638585,1.8552919682165463,0.8477579078824542,Route Anomaly
0.5,8.936377727664114,0.8912359929447482,-0.9246860545561442,0.7309413070087678,Normal
18.205205612715393,10.637175956903716,0.0,-1.6573305754673768,-3.284221749776978,Battery Anomaly
1.607073519734543,7.0991650022163295,5.840943156271887,-0.9898742190339926,-0.5584097396880683,Route Anomaly
3.274802660382239,12.055172377163574,1.0684799038936776,13.944070006864205,7.352831905695745,Sensor Spike
3.3719296981965075,11.053490128700798,0.7085765493167763,-0.5484853439007844,0.8027732304311355,Normal
2.194804975943893,11.981987330850583,0.6290803184288464,-0.9166695836716436,-2.2199967081436114,Normal
1.6798605847981138,9.261345483227837,0.6345622409866216,-0.5482998199420119,1.5883893825029312,Normal
6.89197500372201,13.755036960472548,4.569503459620384,1.004600033808452,-0.6818501611592909,Route Anomaly
2.250374747528655,8.919117624329544,0.6548947361274833,1.2291105175051085,-0.9399035949060316,Normal
14.256696736318304,15.488148714481394,0.20839498981404175,-1.0428074396492515,-2.925953407500529,Battery Anomaly
0.5021019135586962,10.952407908869557,0.2785187033441165,-0.4270901526939551,1.626227439838635,Normal
0.5,8.983424093897964,0.1852289515785801,0.8134866994745195,0.4575056588412758,Normal
1.8260878254857842,9.151159282141792,0.0,-0.3301193447359166,-1.7798800689669076,Normal
0.5,10.578889827126961,0.0,9.443163672841317,12.294244767989506,Sensor Spike
10.80880002114662,9.812641086830736,0.0,1.3971974942080365,1.8438665783228863,Battery Anomaly
4.810420665678239,14.964270226277046,3.5715981356485083,-1.7255300794453459,-0.16458153533028486,Route Anomaly
2.1311117138504683,9.962203727544098,0.750118130771603,0.9039722547586733,1.9200589244956008,Normal
5.686505953816898,9.385931699062194,0.6191052588465576,-0.4738072859612691,1.5773110499219072,Normal
5.468306114241513,12.108177716005558,0.32792642042299647,1.7892611886064484,-0.9107804032620963,Normal
1.0527460834981717,12.259488830159079,0.0,-0.09726015756835032,-1.1625213139754713,Normal
9.91328203936331,9.323154809129102,0.14479468181007854,1.5088384741397247,-2.535002200618054,Battery Anomaly
4.76192584638635,8.359087863490062,3.1863898746053105,8.452849839126964,5.300358421205975,Sensor Spike
3.039905028120939,9.331284085638979,0.6171723029968765,0.35226501436338586,-1.2047799634116185,Normal
3.8113970219183217,7.3609744200400336,3.20048921596093,0.7435064150914514,-1.3685837289259561,Route Anomaly
2.203848097982459,13.200760787282615,1.6389153318765115,12.28683854831679,5.918774541503525,Sensor Spike
3.720637584212677,6.843321089190463,0.42179808583638423,0.8147752787285554,-2.67530758552576,Normal
1.6062384312631464,10.470669488673021,0.2210167011247357,0.4380139552567405,0.3274387676665076,Normal
5.586550441146234,13.639877740473207,0.24101442016409758,-0.329697284813868,-0.8520817743608036,Normal
10.332324080089688,7.910774631917873,0.3780768753809103,0.0340856211311642,2.446189786277881,Battery Anomaly
1.5053769623824877,11.81767922073493,0.0,7.051114679574578,13.397572528719337,Sensor Spike
4.824168553358986,8.150718585602604,0.9586987363191561,0.0802392926631128,1.329190885627535,Normal
4.835843392378679,10.311038947402588,1.5978650424458603,10.032268036553225,12.706151931359189,Sensor Spike
6.988691202089626,8.014739935513965,0.6439104389105175,-1.5175859733998371,-0.5415850420359318,Battery Anomaly
1.2683168726088836,9.27011392392264,0.20815874208796342,0.5197380126273936,0.6733149236551741,Normal
5.684942414152234,8.08249129669862,0.306703530539632,-0.9892044905898791,-2.9970943977938256,Normal
3.872115897318409,6.554580673900066,0.1967450728299298,0.043454457297559035,1.3671909754856895,Normal
11.04304023346008,6.854653885080433,0.35876682156164685,1.2095055567728754,0.7275840042258153,Battery Anomaly
3.2633423230763103,9.007281538981204,0.4023160978140489,0.5685432947242888,-0.7601729151908325,Normal
3.145130246946837,10.860289869814988,0.6021917576846978,0.26541777956173096,-0.7646062133338711,Normal
17.316641620283203,7.891463545033137,1.283802939395458,1.402579407579933,-1.819836693566086,Battery Anomaly
3.5598275058287103,6.727749409621481,1.0575939354206247,-0.9310876631576125,-0.1082545023972555,Normal
11.63950265505931,9.573683476642241,0.9818720015294784,-0.28444169594901725,3.6895259558538247,Battery Anomaly
2.94732790115145,14.117877801594997,0.18380675461734275,-0.06449457063418748,1.0236564476252126,Normal
2.3523697720573025,12.248488030646763,0.027248423753695586,-0.8969284483588986,2.9853873890694222,Normal
5.38773649560341,16.0847576740932,0.0,-1.1989558984366617,-3.6149300352217955,Route Anomaly
5.230641333446161,8.8150754366354,0.6251165026236034,-0.13617113258274435,0.5714551281825863,Normal
3.8175875894691336,16.183969288346226,2.5237185215930924,9.153981460751364,1.7046746400653143,Sensor Spike
4.807819118398848,12.496366975318725,0.021701641338440936,0.22047966617618703,-3.147104002018846,Normal
11.923757695234803,14.2771774969622,0.0,0.10583465181323604,-4.64321571158386,Battery Anomaly
2.3208630752917614,6.9793094900335095,0.5621453957309795,0.9279172896127468,-0.5157296181839565,Normal
5.668800692579301,12.475259128829094,1.4939598880179548,6.527317284738639,13.101101043986104,Sensor Spike
1.925249419721622,11.315027110166552,0.2481811258834442,-1.2499339695159617,1.7070793047637995,Normal
0.5,11.71034187644876,0.47788548608577447,0.6357955937016426,0.342781411647834,Normal
0.5,9.947648819812906,0.0,0.8246716554634373,0.985949397333183,Normal
1.9865263100501223,12.242676846059627,0.6706495124932472,-1.1120576221933656,1.173638162386435,Normal
3.2539896930381564,10.416001398582276,0.19458498321623482,-0.6463852021347187,-0.019082346791813087,Normal
21.27345268144122,11.478463185182699,0.7440723802322274,-1.0979149982389216,2.2495118236487883,Battery Anomaly
4.733115295724769,14.28124123055572,1.6604502226540767,12.419649596159514,8.990298154580499,Sensor Spike
1.9323194579523129,11.722695498903294,0.767295352492092,-0.8713458369479753,-0.6570021328851285,Normal
3.20371850269911,11.63078795466077,0.0,6.299411428344878,12.335795268614486,Sensor Spike
1.7651946731083257,12.49420298791855,1.1934346434710115,-0.27813769546411676,1.1359486669426115,Normal
2.3406145702450494,7.147512092776763,0.6219854782041837,9.40235014814465,15.256921215810124,Sensor Spike
0.5,9.969667564105338,2.738938373841692,-2.2303278890022282,-1.9525476404910143,Route Anomaly
2.7161167402679225,13.866138261124691,4.885619327792841,0.05766801328711635,-4.70656662432598,Route Anomaly
1.2979053784039627,11.952240286756508,0.32194122238856254,0.5966002584259943,-2.062510676908288,Normal
1.8686693288318987,10.661621328424346,0.6551184100402535,-0.22032155108797996,-0.31914756748126294,Normal
2.0812162849725846,12.992139099651148,0.1030605226407233,0.7262159995663613,-0.35961440785099685,Normal
1.2924630220644857,13.22807478748102,0.3493754002624714,0.03188530818347124,-0.7769218413089317,Normal
3.562923200345326,10.350186948119626,0.4965000309086545,0.029553453975574837,-0.17156132769622334,Normal
4.472403537120344,12.691356949326165,1.0741855698171214,-0.539282146632576,-1.4641313284699167,Normal
2.652021945965174,11.766531640684736,0.6905036637145394,1.2692872236755317,0.24572738705221875,Normal
3.484953649997673,11.118617447418318,0.5325400204746709,-0.5105095662784347,0.4912085074923972,Normal
13.995870101153226,8.270881395281485,0.6260052295238387,-1.9309142316205863,3.775028352631644,Battery Anomaly
3.409810985441503,12.313719448847543,0.9241944140454876,-1.5042792099902476,-0.8593874833778887,Normal
6.933590471037847,8.44771460641146,4.446119979994989,-1.3397432877900928,0.4569141308148812,Route Anomaly
0.5,6.630468564180364,4.6060384449842084,-1.0414804676206781,0.11932532169664106,Route Anomaly
11.264007874852629,16.356144177536297,0.8524331402441733,-1.9575420988636545,-5.088290786729756,Battery Anomaly
1.7855019451493366,14.62983471981515,1.2306287801934257,1.5458405854985522,3.3665370641403314,Normal
13.532264051300418,9.375377798609648,0.83836867727205,-1.5783919683952903,0.49472728300933916,Battery Anomaly
0.5,10.875779533705355,0.9704800577103213,9.508347368303932,18.9039868737978,Sensor Spike
2.5246195061047336,12.820047732014306,1.2290334230609312,-0.5051104953991744,-0.0998534033590387,Normal
3.5463926613764882,14.423495319937382,2.8329466357316426,6.135134723001265,8.120830510955095,Sensor Spike
7.458842860751458,15.065366193958845,1.2012039163994335,1.417653796074273,-0.44222635838829705,Battery Anomaly
7.05308545905603,11.229483657431693,4.346201233529685,-1.748314126098764,1.0005190135124882,Route Anomaly
16.19352298869606,8.398609174811835,0.8182225139529651,-0.6456136559577172,0.8042405473808456,Battery Anomaly
4.000127241712821,10.5395060899002,0.15533687317420625,0.24763595714310305,2.7101563580469317,Normal
4.053091196242414,10.773706502317676,0.6494314000009309,-0.2600278837331247,0.7768075939848664,Normal
6.445256298093103,12.618223918666924,1.2774525852015393,5.903040275922518,5.7481454183976695,Sensor Spike
6.638634192866211,4.934033806054771,4.321882142710179,-0.3102138892122124,-2.9766433012178393,Route Anomaly
4.192256990367718,6.098094137723064,0.38245762175577264,0.9706393913721685,2.2088829651988044,Normal
4.1684627731526875,13.784140334465011,0.45956487075733393,-1.3655115417330141,-0.8301167561192825,Normal
0.6674732165591238,8.111912902085798,0.39401006187563276,-1.1893806471168493,-1.189750388508408,Normal
1.4534583140124804,7.936920552289078,0.4701069373710711,-0.06425174441370148,-1.0705055707801145,Normal
3.4110492647421293,10.122868037198607,0.48300694267726657,-0.35179388135596235,-1.9081875831721107,Normal
4.285518197200259,12.742374532601797,0.37311572816936817,-0.03259283098616049,1.2436149245635613,Normal
1.4186753262579175,11.126046905040647,0.8741969383718102,0.407891893069717,0.19745438034726812,Normal
2.018098721900325,13.19961248699919,1.3513331169218412,8.07148026821096,13.104644809291813,Sensor Spike
3.5456626892302276,12.48922044023694,0.33240250480629363,0.7966718418338409,1.3593692781029574,Normal
17.902364887648584,4.250327172025387,1.4421426250520235,1.6565095516037212,3.9187147086116028,Battery Anomaly
4.589122905268667,10.116576137362628,0.11025577784817456,11.445986461370106,15.214164180535775,Sensor Spike
11.386661297178177,4.865828619482733,0.4978304367311476,-0.20622383971278116,-3.331437465699608,Battery Anomaly
1.3862803573425295,9.414320399051292,0.14179599982824076,0.9214027979953542,-2.382364530035602,Normal
4.251911372032099,11.149481388997287,2.6096027711576073,2.55903605559413,3.4242043334614465,Route Anomaly
20.03594919110366,9.322184662648954,0.6580053844210366,-1.8620413623684744,2.8561487408437882,Battery Anomaly
0.7834373870008755,14.366659314263327,1.0305002639333487,-1.1629351280153828,-1.2989827754906056,Normal
3.4995330517992445,13.028977668624036,0.7494970581245384,-0.34817101979520093,-0.5979348121486894,Normal
3.2525814405198394,9.673089321320342,1.0335541190363329,-0.03819004954165661,0.011667182369693135,Normal
3.0647913723529214,9.38627757489029,0.2684284587861212,0.9125773535838758,-1.0220883894694808,Normal
3.8362100603690488,11.081574205289481,0.6637020396984465,-0.9522703215344521,0.9527931775584435,Normal
3.9280095380883195,15.504196214541027,0.7066714710189386,0.41623401591996867,-0.0989982096563859,Normal
5.638154071221919,10.802877020517979,2.0991501400804777,-1.2566569867254407,-0.685786451284913,Route Anomaly
2.445578062008696,6.977484795907603,2.085831571550325,9.851048668631895,7.703812750852316,Sensor Spike
4.969307075598915,11.56546584432216,2.4098724370826377,10.363225915360502,13.977092461007038,Sensor Spike
3.8393299913632988,14.375293760400972,0.2637273163245495,-0.4041348968192907,-1.2851798073976934,Normal
3.1519804179114788,8.500879207110437,0.0,10.588177483302328,6.582649695208502,Sensor Spike
4.372069480091044,13.24777879734742,0.5569935595661933,0.22062283115447812,0.8777734465799379,Normal
2.206476869857219,8.842637683234482,0.7925653042604005,-1.8429255094247887,-1.3481249895736889,Normal
3.432382010634046,15.317159158070304,0.0,2.7921379580193735,6.357395717564666,Sensor Spike
4.802369494206804,14.513072881031022,0.5561885040024683,-0.35497848875330984,-2.4477123891119867,Normal
4.25285869532182,12.75912322223886,0.6719841321737513,0.21858342935510064,-0.10810787404992839,Normal
3.8381737990924787,11.391918697506593,0.0,-1.1223011060875223,0.5414833764622706,Normal
5.795692451533693,9.597167557356727,0.4399679472214515,0.9378585126969783,-1.8090229529166526,Normal
1.2178714872674137,8.465013456973201,0.7842082578081553,0.9934038335439581,1.1967258886566112,Route Anomaly
1.3954548511720475,15.017300043525601,1.0385889919842968,-0.09084466516317152,-2.626653114708643,Normal
11.999612359791946,6.475634157436034,1.5562567583548599,1.3389505363746694,-2.4150309976714532,Battery Anomaly
0.5,11.890081007493112,0.23177590564371447,-0.3404306090942557,1.4855069006955166,Normal
2.699521339485666,10.21359364874509,0.3260337903838221,-1.2553779899492816,-1.431331511326337,Normal
4.018085772331334,14.147350957125349,0.20037764145889386,-0.12426764570282678,-2.1323396144463116,Normal
15.499953298055923,6.4328920462572174,1.4002566374818388,-0.6271666498460727,-1.876429799582153,Battery Anomaly
0.5,14.059839414862168,0.8629622842136319,1.1517573340600529,-2.380783982630382,Normal
16.196247883241103,8.422575243702697,1.8279363229556012,0.8300067960876021,-0.6770283372051887,Battery Anomaly
13.911365035139802,12.415634833098368,0.0,-0.28701303588439137,-0.4072513353303079,Battery Anomaly
2.901282531481632,14.83677577180028,0.0065606659192603,-1.336459742776659,-2.8347895872851145,Normal
3.238450279506442,10.47056036653453,2.5998273388003397,9.666398651301934,15.67141841921901,Sensor Spike
0.7105193807929352,12.15908648416867,0.5717159572619477,-0.4582471479577211,0.23251961689543216,Normal
3.114762859945022,9.909322006385302,0.05844734197807791,0.8636970505335769,-1.2604387027907282,Normal
3.877915496639208,7.759998264673339,0.4106574390113487,-0.32305981153554253,0.1877023626232095,Normal
3.958990177632392,12.446014075846366,4.240652286540965,0.10676253005224501,2.326015060457918,Route Anomaly
1.9118181075936342,8.037635173536126,0.16673285725440995,-0.36315797445339354,-1.5425198868644263,Normal
1.917787506250185,12.07418826662407,0.0,1.245346367910165,-2.3644300978865855,Normal
15.532290474888125,9.648842565567694,1.155679971568404,-1.0530891808019793,2.7340162312792637,Battery Anomaly
20.324664459106778,6.5752260629046075,2.1461483841363216,0.2812538777540372,-2.927566689574952,Battery Anomaly
3.8829237897342086,11.001268390969503,0.4216857044170818,1.137313995027883,-0.4495657945530802,Normal
3.4267882988842846,10.152402082617723,0.8736297341464901,0.49748816341253854,0.8191269760979887,Normal
0.6974051852953274,7.555887884484715,4.787704812250384,-1.80401586505526,-1.0432393901344466,Route Anomaly
6.871904927383591,10.195658469854049,0.8102184200096029,1.7258126940728902,-1.6879552407010991,Normal
3.616631252140252,11.243492476464981,0.0,-1.6842595132155633,-0.5192881093427439,Normal
1.9803853983464978,10.566051952394416,0.01698128070563614,0.8180616789204784,-0.6911915993708504,Normal
3.716452626196054,16.393119697793832,0.15568903871577888,8.05119820683872,3.7281574692938593,Sensor Spike
3.9966612538885764,8.133534628957449,1.3821512861556915,0.06288100090751514,-1.448780801983436,Normal
4.501279784233328,5.296359881259104,2.08174025666133,10.045819438403031,19.963609937224792,Sensor Spike
0.5,12.154408071267836,0.9148502698210212,0.8068657804639817,-1.7161493887499903,Normal
5.029150552189327,15.626195321368721,0.4195856659101912,-0.14036371120612667,0.4759689951635182,Normal
5.370199326823184,11.339487968094337,0.9130253357458675,-0.5240996131647864,-1.6706374523101346,Normal
12.964327904538102,10.989288450326487,0.7938608941759382,-0.1869898096996827,-2.0310858415070014,Battery Anomaly
1.441368582447034,12.224949249512841,0.0,-0.38420217561588926,1.218899410449743,Normal
13.895989649690634,7.3348881609762495,1.7071908382369927,1.0062456413066092,-1.1799582045151684,Battery Anomaly
2.452077835207598,9.614408968221701,0.0,-0.9916337186080888,-1.9165989206097653,Normal
3.6014374157097446,11.868960544612403,0.8638211979751109,0.9229379093514105,2.1145520023573567,Normal
3.0451032116431116,10.447209457843849,0.4456148517017522,1.4818147821818985,0.730384629664969,Normal
16.737864841891746,8.183521186224047,0.43469718315542205,0.02326119784585856,-0.44062523884128413,Battery Anomaly
4.040163667207218,10.292242324187697,0.42508979207274555,-1.3560799113211999,-1.5684051314545568,Normal
2.7162977845953815,8.00684825826282,0.40362560385833113,-0.7414207558896123,-0.8740783878118975,Normal
3.4802534051191367,8.495813249859243,1.4366383506948874,5.496881208987322,11.360829122997758,Sensor Spike
9.742522103458462,15.626845624412109,0.0,-0.48931071590125363,2.5674497810983095,Battery Anomaly
6.608068969540247,9.159331063595014,0.49766882495199083,0.42346023723697956,0.473949151669396,Normal
2.265546620279009,10.867579356409356,0.8120506234316214,0.6814779112820705,0.49674778350619186,Normal
4.557768698725098,8.183527018885155,0.45224959791760866,4.893730315119413,12.95975404408026,Sensor Spike
5.991988771354318,8.645145996714534,0.0,7.5486862986411545,17.431437698403464,Sensor Spike
18.173000985813403,6.320763571025201,0.5672974472997846,-0.46674961203817444,-2.3987472568146955,Battery Anomaly
2.966811993562635,11.307285349387246,0.0902513983491362,-1.3020690550359324,-2.576630712928853,Normal
0.9634272208955261,8.228182889660939,1.495004998392191,8.40123474801536,17.214938285101173,Sensor Spike
3.122588326054478,16.40888655904904,1.8207900616254493,-0.26807215291994435,-0.8850606214295624,Route Anomaly
2.5966282984926394,5.587373769553159,1.7966774762412405,9.194448761218508,14.126199547008818,Sensor Spike
4.421417401974447,12.23255460087698,0.7292506459071064,1.598138438720507,0.6191971071185751,Normal
1.5807191834555998,10.326088847617301,0.8723115789666143,-1.00275045598711,-0.08241931941829428,Normal
2.9821521190340117,13.235352361719244,2.8349603263003322,-0.09634625238171433,2.444506162025287,Route Anomaly
16.070212889579338,5.389409372339118,0.4098898839139976,-0.03980220010259142,1.717260880750976,Battery Anomaly
0.5,13.027814044170048,0.467423260272737,0.08217361041096657,-0.5311908038445885,Normal
3.2376212162285762,12.225156352824174,0.6577954080927422,-1.1920439243917074,0.5752694069694275,Normal
2.038798310911992,9.098449106864745,0.0,-0.8520461186366624,1.873346575086256,Normal
5.0812117349914905,10.347803525843531,0.20805124190935498,-0.6229854255770704,2.6314223830932497,Normal
3.6878119216450385,13.13888976541516,1.0921040344854673,13.804446275470857,4.771670729285848,Sensor Spike
3.3304224722002775,12.010863816866872,0.7891824997872621,-0.007113963424328906,-0.3924827134168831,Normal
4.417574374220334,9.931233218342365,0.7354973235362502,0.06945215783944639,1.2921507373960333,Normal
2.0111209130077348,8.455725408387403,0.28135480812272784,-0.28355057747298523,-0.24409325786477398,Normal
1.7200074520462079,7.300966767913245,0.8273390286110767,1.135199167165199,-0.026604384881076304,Normal
0.5,11.508918530894329,2.6526531256664527,-2.9092846816006297,1.1186397027874284,Route Anomaly
5.8293599894249315,7.808396017142272,0.31916517748202866,1.0993152935483363,1.1235358829737299,Normal
4.831238375256805,7.295012925915282,0.31554479914236766,-0.21094659381628364,-1.4118817154532208,Normal
5.006852740912382,12.79522599802447,0.11295226902518257,0.5301208850492397,0.4575472706363204,Normal
4.809413154808269,14.466749026930504,0.7234681608386283,0.09300273717193319,-2.2648805734517725,Normal
2.8396449286580134,12.108688328467576,0.31382758210500844,0.7877844580047675,1.2747601781095534,Normal
16.6006353042302,8.861525677737829,0.8710362014419604,1.4436608062668483,2.814986060414494,Battery Anomaly
3.5391092602188188,9.474518131793761,0.610434712972829,-0.7117083042586106,1.8226660212715686,Normal
18.490009739388686,14.772190784321715,0.8249900660346335,-0.21199865677196528,-3.422638038931545,Battery Anomaly
4.507548070845884,11.11501490737221,1.4638689881095548,-1.0981791621141188,2.157339707710255,Route Anomaly
0.5,10.526914787407682,0.8682872510225156,1.0804150836110429,1.6163376062930932,Normal
2.9960617173282698,6.7869461009604795,0.03812835473220701,0.2742644462100531,0.34626664757375947,Normal
2.566517536612354,12.158275823766585,1.761576489750277,0.7553972698510264,0.3079985923471029,Route Anomaly
16.479555763922413,10.741494719839634,0.32748315366118796,-1.1450308456901477,0.8777680477995718,Battery Anomaly
5.419965460448732,12.683386756395041,0.7714773213054702,0.49182795124784945,0.10803464134003311,Normal
12.94049554267466,10.005945723140197,1.746093046619979,0.3085033368506982,-1.7578649301247173,Battery Anomaly
13.780050140038812,14.6544371605536,0.4380658351512233,-0.7120173772172098,-1.8449152446549943,Battery Anomaly
2.5642921976683306,15.42505129836119,0.8930579243239677,9.643448490849888,3.970137298609418,Sensor Spike
4.503371929395016,9.30390364150497,0.47899724177673203,-0.9701916464105128,-0.4627660760140646,Normal
4.0405267029052725,10.527042308226203,0.07719204630323587,0.47008854404026773,-0.0906979127810732,Normal
1.3579791413671873,9.410751957389834,0.4883848809659727,1.151870786764765,-0.5772938510039629,Normal
9.487303378236788,12.37728323153364,0.0,0.7255147000746082,2.6507758567799247,Battery Anomaly
4.150790129861237,7.5845906959955185,2.7576935386214414,10.332195701500684,5.647959480194816,Sensor Spike
0.5,13.141130236717999,1.107824825603306,0.5251560050311797,-0.10687928052538465,Normal
1.4255238782263675,9.397121480179901,0.8168222309847788,-0.19462827324706206,0.2864853959696601,Normal
6.108865111198415,6.942415521878301,0.6309090358786131,1.7999207268621134,0.7995039877904786,Normal
3.1966753551166467,9.691545330116638,2.679345274005268,-2.053037830032503,-1.9852085763407559,Route Anomaly
12.594928810448248,9.986418001789826,0.7178115021336504,-0.09406961029543881,2.6435316031054477,Battery Anomaly
5.472773372421143,12.461296382218562,0.0,0.10537413706576548,-1.7543710865989892,Normal
4.581041470546075,11.941257577905436,0.05154938264986508,0.37849888142146104,2.6542214228475864,Normal
0.7859917448238889,12.927785536627852,0.399512239628576,0.3989714249922681,-0.5206391378473516,Normal
1.5081347396098632,7.759475779995094,0.6933982203307667,0.6599164378009381,-0.6059872202996693,Normal
6.2029082904967145,10.808720243677335,0.4486686971021189,-0.576057981916229,1.8624796661287462,Normal
7.088650844571827,8.006358306232453,1.3412995004520674,0.8359313009268748,-1.4913476738555445,Normal
13.454404934859408,6.9204711938465095,0.2811591020933398,1.3083605947074233,-3.8034067577579473,Battery Anomaly
3.7464849581244346,10.467856233829972,0.812888399710789,1.6074536963624035,-0.9390217776671298,Normal
1.767959872188046,9.615736918049834,0.6742379060185287,-0.03386028563040777,0.6607273180481404,Normal
2.2424942693019827,5.349721126265509,1.3062500520733187,3.9099821905290453,6.4836091498518185,Sensor Spike
0.5,6.016893560512408,3.631818517219682,0.7779154334305236,12.199540546698216,Sensor Spike
6.15042791918894,10.464469254216064,0.0,7.254853063607441,6.888406006046654,Sensor Spike
19.490227915145404,3.0932352892998427,0.2548790936362395,-0.16648881998766868,1.555802165022027,Battery Anomaly
5.827496652464383,15.737167066884048,0.7959420421058888,7.1028571513311105,6.8812112639127925,Sensor Spike
14.512417648309084,6.3160343508325685,1.8255380957582594,0.6493423569132929,-1.0887308100070958,Battery Anomaly
4.127701061750386,8.781814454486565,0.9310305243324356,0.6290915664589444,-1.9240806704884705,Normal
2.2339491857716873,9.39859669380236,0.2733846595154356,-0.433947160746899,3.0102953218112773,Normal
4.002600328466815,13.10868649607911,0.0,0.22044378254236352,0.6656619087040778,Normal
3.010570392950589,8.381933808052914,0.0,0.22346481567665122,0.8033228298402619,Normal
3.9599921341401205,14.36687306252444,0.05168709606102401,1.0776463745729101,0.09775106715641005,Normal
1.4219179303392693,13.426484806449643,0.9073200775127188,0.5748153852960523,1.672025040782528,Normal
1.5273717820167871,10.009197567221875,0.8692338330660551,-0.7078712247052038,-1.025773685500887,Normal
5.1280477366826664,12.663387173628765,0.5129012613181384,-0.8095515021119113,-0.7694405814712943,Normal
11.001076019397487,12.256760533161183,0.1299080214936168,1.4550536807536916,-1.8245271504490481,Battery Anomaly
2.8092814936698614,7.654401000758726,0.8100374158589512,3.770586212478002,5.959747574213043,Sensor Spike
16.933361014065174,8.926148927723002,1.085497575670685,0.1337798193897998,2.673531771952741,Battery Anomaly
3.84376958077291,9.927100184955453,0.23272040531656524,4.948627333235383,6.772352394098886,Sensor Spike
4.3859621272995115,10.645529836058321,1.3256865870909342,0.1433090869882273,-1.4495244241248766,Normal
5.368843200269352,9.207279564540322,0.5135466999355549,0.7106391923294597,1.893782547416513,Normal
3.5783738309433115,12.629346481450112,0.0,-0.5947878964704885,-0.12989640329358965,Normal
1.6308737783491412,13.140259463676863,0.440706056150675,-0.8232599578030041,0.6637643521914738,Normal
24.53984616038393,14.098827804161115,0.30829595055573383,-0.8511036679574148,1.3022242830025599,Battery Anomaly
8.124228983855344,8.225162642956846,1.1565132700662129,6.7052971904983405,6.665243476320918,Sensor Spike
9.796801879266168,8.260797731435437,0.9960068046715687,-0.31124941651325033,0.28650695813494675,Battery Anomaly
2.1097682288618254,8.322076912398831,1.014768328374509,-0.053433117472680924,0.10902668139083568,Normal
3.9742328448395616,12.282270485090212,0.07143667154668187,-0.42449920971878874,-1.0398064309915576,Normal
19.659734677487204,2.5706459091970473,0.8544213238703969,-2.4379951950445458,1.8141918375710335,Battery Anomaly
4.579359751917775,13.685827834461243,1.9048832987514437,1.5739439129328334,2.9450772818039095,Route Anomaly
3.1994213288257933,12.35315797521933,2.4160941838190166,-1.2097178839769245,0.36291644132470646,Route Anomaly
4.007929657787171,13.530245589090587,0.68966878210582,-0.8427095319671738,-0.044682880939184044,Normal
2.9213920405964737,11.600973296034917,0.8433408310640005,-0.3014558812950361,-1.4077594028388276,Normal
1.0726714632700323,6.516087636004542,2.155040034555787,7.942757996653821,9.238841885518031,Sensor Spike
3.963720127958,10.799596982201361,0.6073669828425697,0.27841993299996126,-1.1021684520337878,Normal
14.139905065095899,7.933840650725629,1.2973015352006838,0.04662792194532439,-0.9061213707714286,Battery Anomaly
1.9399407313468038,12.046188448739343,0.0,0.6921495841857994,-1.5786661249064777,Normal
2.3381282770721743,10.573069867059544,0.4466502941920139,-1.0459481846855414,0.9615682680208265,Normal
13.452691672733756,8.65731285485063,0.6204100469408527,0.12460069565252807,1.7558002735831761,Battery Anomaly
3.559065140603013,12.263595566503335,1.247233773306025,1.185462719502642,-1.3324809589586692,Normal
18.80172502721045,8.973655402855567,0.6360963496366258,-0.06288981422366069,0.09388564297154123,Battery Anomaly
2.6773568685770983,11.184363368375482,1.8051771988297107,-1.1050245717379816,1.1528807982589049,Route Anomaly
4.551773469138181,7.6376813533913825,5.918737412357261,0.5586131765138082,0.39009929705032254,Route Anomaly
3.6555453156983138,12.137696500743221,0.34783387301205726,0.30073936684200253,0.027256482247723923,Normal
1.7664691309494627,12.224387074622776,0.05583022133377591,0.6078691858661476,-0.8054215798953945,Normal
1.0395396728463646,8.707384524857822,0.49426007908728387,0.5435034799045017,-0.6023021585385171,Normal
4.606314063964468,12.736781023402282,0.6046639944599742,0.9394575995467523,1.0481940639879728,Normal
3.1313894847590067,13.229768834288146,0.5203661055774688,1.2313285448558013,1.3387063576671878,Normal
1.27451114066909,11.755932656303251,0.001908776289268499,-0.11981785366250197,1.764881777795486,Normal
2.798515696369937,9.613320357390263,0.4967050275425329,-0.3710845616365126,-0.4919539174105566,Normal
3.4214085656471496,9.937422146083723,0.0,13.899617616915465,7.7124074717353,Sensor Spike
2.527150683357859,9.054546860382295,0.03316064904208757,1.1101194704475488,2.412391683096493,Normal
3.370083794578186,15.481142166788342,0.35471273101696527,0.19959373116352305,-2.3158643383325335,Normal
5.374694035244131,11.227465171079453,0.9322342793578826,0.5072176652482265,0.020856486839648802,Normal
4.184137077047772,8.977363453757567,0.0,-0.2637816882519827,2.1447341688650177,Normal
4.655983524742765,8.479185032362864,0.482147910660896,-0.11876523806609107,0.8308132105268142,Normal
18.570809402658284,1.0,0.6769774796511644,0.8966570340589523,2.445716575364384,Battery Anomaly
5.803948856106498,15.632194747207333,1.55284554029304,4.512587321724329,9.10731700250097,Sensor Spike
6.181864408464003,10.355373742497964,1.0265368009595932,9.069090768890362,13.804653013511224,Sensor Spike
13.251950138687357,9.934106442304415,0.7235293532648986,-0.633306572794687,1.5432477874297583,Battery Anomaly
3.810036380554445,10.35054489194398,0.2821460646908803,0.479796804456717,-2.7922269108786484,Normal
2.18525138178279,14.550446098688493,0.3045352700035109,1.5415860400708898,0.713205851264586,Normal
5.421298137050172,11.338753872155227,1.0328564546522077,0.04041952990211817,-2.218227408661198,Battery Anomaly
0.6125282365923788,9.699680490948872,1.1464262324712395,-0.155688146401062,0.1154273411598652,Route Anomaly
19.825404703294538,12.634375477673338,0.6612580041353273,-0.1396661195431722,2.1490030514964773,Battery Anomaly
0.5,12.126662349324745,1.1013801735029294,0.47712161307492634,-2.027278870207391,Normal
4.271026421216369,11.615187270348336,1.2220030744361348,13.458846424211593,5.8219632024421575,Sensor Spike
4.495903896056291,12.789071680401841,0.0,0.24796910262443383,-2.1378314858982055,Normal
2.787680181732878,9.15270294627468,0.09109295363011316,-0.5997039262110568,-1.9150349136175833,Normal
1.1468286520176822,11.933553271910814,0.9186681614532233,0.5808721357385667,0.09409773720666503,Normal
17.427666109220418,10.925038066272915,1.14807953078961,0.2216988820550782,-2.596810081425361,Battery Anomaly
16.505025924751727,7.514935868397256,1.249444816653096,-0.36764497014024133,2.189247280782209,Battery Anomaly
3.973089008515894,17.25506461201993,1.22277869353444,8.749193441102825,14.050582515201302,Sensor Spike
1.2792341798301674,3.935337025145082,3.771755482776251,0.1582453508199261,1.2399971216018102,Route Anomaly
4.125332223194472,10.216581846499508,0.29950571076916666,-0.5609240068975311,1.8893731102364941,Normal
2.349673810635731,7.692767206701174,1.0976324610376444,0.8924937450804716,-2.326671123068157,Normal
2.9411954281598276,12.772769230522353,1.2890831643032807,-0.8538552851295488,-2.0226176101560753,Route Anomaly
0.5,14.33678760404782,0.7147870446833902,6.776608798821561,6.7931818396015755,Sensor Spike
6.151530170404279,13.467882355048124,0.6871878637047153,-0.38300520382461845,1.3034587493337275,Normal
1.3523543744704343,6.756207532212222,0.7544421550954374,0.6167896050924633,-0.3533806418652888,Route Anomaly
1.6295901307011804,9.395509743762664,0.9136063577042293,0.4569796778578987,1.0953337418435654,Normal
1.5550205665517511,12.16200160969388,0.2309672522910968,-0.4884775180051899,-1.390097468572432,Normal
1.4121707964014794,14.114828312384759,0.46870152701614554,0.27185059241998166,-1.076200018936487,Normal
1.9802609214748363,13.94546925531469,3.006292746826201,0.33717199466018644,-3.2829233856373015,Route Anomaly
13.880911448403403,12.03701061965119,0.342204818200631,1.348686105997193,3.031987367002134,Battery Anomaly
1.4824596740406275,11.714770764913418,0.6492519127119268,-0.9571774456379687,-1.0681614860890913,Normal
2.8546043538194406,14.420408215656455,0.7823118140854932,-0.3564471213126412,-0.1563706332663299,Normal
3.1051399873040646,11.069394689868531,1.6896912394582193,-0.3382343877137473,-0.6743422194218837,Normal
12.721570922617847,11.008248409121899,0.2310396543603449,1.3409837614421796,-0.5955752975281423,Battery Anomaly
3.2115054006764425,8.002784525918626,0.5538744144554772,-1.637345545162292,0.3662647357969255,Normal
3.343242042227719,13.808643767922394,0.6920359404095973,0.5315825068170242,0.044188795344038745,Normal
1.1197219752718568,10.932678995267619,0.5164907310523578,0.5496817283838202,1.6539603692546576,Normal
5.058463205212937,11.763424135030736,0.27925665873500416,-0.6333412731302204,0.3236008528577723,Normal
1.8557541189732665,8.991259488523655,0.7834372694294387,-0.34218980328971593,1.6017032722949307,Normal
2.677621446798649,9.248290849085274,0.8335378068922261,-0.8593172852533273,-0.18029517963651986,Normal
5.638468283656727,7.370982165147945,4.279227455026792,-1.6490216728719487,-0.07473360177232868,Route Anomaly
23.44360763061456,10.2015591335422,0.9429865275875167,-2.390952819115083,-0.6879078604301804,Battery Anomaly
5.233316588490596,14.234654240548323,5.932340848315988,1.8643464731805621,-1.0189701661009767,Route Anomaly
6.15249475371437,5.23658902452875,4.12486849267343,1.7703268252803706,-2.2927101011345896,Route Anomaly
3.3550527739029667,13.428636266671768,1.1847406073712468,-0.8902818517363444,-0.8444616749057028,Normal
5.182313275280222,9.908648969865238,0.853600674062723,0.4752599007903781,-1.022227462434276,Normal
5.459289567759647,13.012719528199685,0.642744133781554,0.05746493284597798,-0.35856765320841744,Normal
2.7688821374387285,17.59479253352921,6.519681182136052,3.3182654166315424,0.6187152595699533,Route Anomaly
4.041892499173857,4.7272631914765295,1.187771277375157,-0.5807955611723242,1.3941014375792553,Normal
0.8434432277514836,9.308393636937607,4.103228132956562,0.929407989911773,-1.439636854621726,Route Anomaly
5.271807377135696,11.259094749886193,2.227355964566034,10.16590128859333,8.308141628579905,Sensor Spike
1.7303121381692386,12.655686832537379,0.8914341037820801,0.4934322817038721,-0.3482580383976639,Normal
3.00458603062824,11.310153233468204,0.28342031938487,0.5551472346738369,1.2165149610244292,Normal
3.1960922718290687,15.439983284010697,0.859880792740109,-0.10999020132113033,-0.2727029470898539,Normal
2.1656249211634186,12.046689651966723,0.5218880828580879,-0.959274739118077,2.3645153922153064,Normal
5.409244006980921,12.112763605478836,0.4963195085590894,1.8376477805136975,-0.36521332928301475,Normal
1.759342516736421,13.981250695715978,0.5396514490692339,10.32720921731999,3.862765299177717,Sensor Spike
3.4795024795212717,9.478395020340809,2.7076737702802625,-1.6695960168155193,-0.05465726730311893,Route Anomaly
3.986773171793966,7.112270398589554,1.1259015679173194,8.003605006606934,12.902250380124615,Sensor Spike
3.1943036219839493,12.064241482489573,0.11790800910996702,-0.8001196205435134,1.9446851566287604,Normal
3.490940601289095,10.826509800595254,1.0548834478830125,-1.049411640721896,0.36222413842078255,Normal
3.17524522138387,9.568882478461932,5.406060531770967,-1.0961448227202475,-0.8944208287357468,Route Anomaly
3.3723587236570602,15.004243647453709,0.0,1.112014103810582,-1.0584892877751568,Normal
4.225065647270056,11.363609325670778,0.2585808470332851,1.0930099494382057,1.5324720073341584,Normal
0.9708884956501305,12.843424530771669,2.4092530930791796,4.190467137168629,6.574050914568699,Sensor Spike
4.40801859442572,9.596289523472523,0.8239160690408576,-0.35398464942365915,-1.2803144732249754,Normal
4.026699110305077,13.68693997685438,0.3665285985782614,0.6519749209364969,-1.041845035316869,Normal
1.608987347132697,7.28335265783086,4.782914623755457,-0.22971740417139003,-2.623633231231387,Route Anomaly
6.642246248245519,8.554879215909292,0.0,-1.1021076791028173,-2.6647276109836158,Normal
0.5,10.559730422151107,0.0,0.544706470963511,1.3222898913439685,Normal
3.411404782453276,6.781801089487936,1.7073188190432522,7.2987921252653605,14.055541579062048,Sensor Spike
2.014589980753365,13.126062126433952,0.0,-0.7246002359502461,-1.5796798895795017,Normal
4.138378791115633,13.854620516399837,0.922623772903463,-0.5657532006717928,0.29537918682840686,Normal
1.551167799404388,6.797257135297258,0.3115216838293602,0.46908589112834476,2.1406757030752432,Normal
12.602622750837543,10.581094233374989,0.7667677847990935,0.6932058852180848,-3.01774969005087,Battery Anomaly
4.888253985499669,11.895841962268506,1.1209475876162123,-0.841251249881275,-2.357638449836415,Normal
5.6652831643806145,10.644215718833,0.4114743587879264,-0.030258490541101246,0.3328788974340039,Normal
5.863470587100867,16.526300450254695,1.64275354953922,5.808524362785704,5.453194872156763,Sensor Spike
3.322080723673051,8.90205494616081,2.746875597436319,0.5697527056167166,1.1745052792684312,Route Anomaly
0.5,15.730642093744091,3.6302220477650593,-2.4037919009957998,-1.8580768314807137,Route Anomaly
4.232091494245262,10.30481795005076,0.32079485714952743,0.5403424690481702,0.9217782640525929,Normal
22.343599629841705,6.828854489279777,0.0,-0.3678870811724555,0.07009831052293955,Battery Anomaly
19.51320204876385,9.463384039429794,1.254174121612489,0.5460947275500718,2.451481408009246,Battery Anomaly
4.279776811987061,10.54117134956427,0.16602413543579508,1.597724910460808,-1.7970694644364409,Normal
3.8283765356745425,10.903584990968733,0.45387820698428444,-0.9851869886653103,-1.4296013447737215,Normal
3.307976967383611,12.14242961282213,0.0,-0.4363050591408543,-0.5732652961159401,Normal
3.0465165469769606,15.358704696262873,1.107517771311468,1.8526869739739893,-5.258922476994975,Route Anomaly
11.152175895568572,8.475593832945513,0.24097551216494756,-0.519361530230778,-0.5516363646726996,Battery Anomaly
3.0834536623667868,12.418533744065783,2.294306378490109,-0.6069256588780445,-1.3341795861133015,Route Anomaly
1.1156656373546165,10.74250130489888,0.2921268773371486,7.8203164140785635,4.70090967699152,Sensor Spike
0.5,12.518630707659224,0.4435270623656005,-0.7853945490817504,0.22329936568141118,Normal
0.7366792167039863,9.810644644349388,1.4010358329909378,-0.4208173357953906,-1.1488919959936847,Normal
8.375977318571163,10.018849061429238,2.8412385786194005,-1.487675564164405,-2.271533530272751,Route Anomaly
9.463746248076184,9.3085614063909,0.46959840717558265,-0.4538250176328629,-1.2618849594401411,Battery Anomaly
7.578217209436528,7.197294452176813,3.879130251828545,2.0166408384006935,-0.26837517359646373,Route Anomaly
3.587565554564284,13.282195341488153,0.4492612040890819,-0.5635984370613351,-1.2852906474721704,Normal
2.1381281111713912,8.00225800589802,0.28219099595618075,-0.4606138492976873,0.11275849565605844,Normal
2.8035895265523645,7.845440194751714,0.7993518883617982,-0.8846471166100258,-0.3290272705263435,Normal
1.2749985137066537,7.209260014706464,0.9523046201191743,0.5346745278767631,-0.7293792841554942,Normal
11.030604868581808,10.817758547096293,0.22538639034752916,-1.9449462329369536,-1.9111782104220207,Battery Anomaly
2.345039445199703,7.246870465972214,0.6121339714780684,9.88803988855344,11.428972994460135,Sensor Spike
0.5,9.771894845836442,0.6225292644673125,-0.8102818453194416,-0.4872950097884666,Normal
1.5825543059028384,11.58318709032314,1.325778791174177,-0.843138257421586,-0.08881342526537178,Normal
2.707988482570589,15.665567170456857,3.291395363600969,-2.5164095577042023,0.13947637574189276,Route Anomaly
2.181360450411381,11.932584563803461,1.2149450295054394,0.644882142884456,-2.6495489222051365,Normal
5.123693736687075,15.56439391447943,0.8798948546511686,0.15324479564210292,0.17667187958937303,Normal
0.5,13.039069002483913,2.552739863785515,-0.10093123350866429,1.8865137960629368,Route Anomaly
2.610795542479875,11.145534883182624,2.577407889475353,0.9064826044781661,1.614650593789489,Route Anomaly
4.240749600413323,9.567591673352739,6.2812971311947425,2.4875715971430337,-4.736437705549372,Route Anomaly
5.678656098391874,11.233298261412886,3.806378581667171,-2.75372698991206,1.9191457932103142,Route Anomaly
12.850268125540955,13.323248818408995,0.16218873287312804,2.0634974576941385,-0.8594134716782319,Battery Anomaly
14.84557449565787,6.24273427137582,0.9106046578929646,-0.4294713581380036,0.09348772190711369,Battery Anomaly
0.9775011047717783,6.953804757777666,2.023843880863475,9.329111027927912,15.044444094699449,Sensor Spike
0.5,11.671420990239548,0.8323482273984181,-0.17769005854206493,0.4432012340264566,Normal
1.3681986225431242,13.84553390982224,1.4463964002690999,11.92767422784843,5.924864627899207,Sensor Spike
4.9125470506045685,14.975713185049123,1.2878546519352319,0.1966713088378192,-0.35956245565573364,Normal
6.672612352118093,10.55858903187578,2.745393604701267,1.443701585818694,-0.020326066278496757,Route Anomaly
4.322375269582167,9.10940939693669,0.38292493680136186,0.3237898986865923,-0.7418799804217717,Normal
2.0075203784328397,12.794086974006023,1.2263881575263473,0.7532859399355696,-2.7796220869234416,Normal
13.306615174259116,6.488400946283696,0.0,-0.5584428530530101,0.11713243919878968,Battery Anomaly
3.567718506015162,14.19317457754175,0.14265800333855694,-0.08530850855392003,-0.16841628678605278,Normal
6.567385222517961,15.263295293376892,0.315218701513055,6.311300664015661,6.610914903561046,Sensor Spike
5.868733638553395,11.572934025461148,2.3080525479740674,-1.4543611582442328,-0.7766769028994116,Route Anomaly
20.257881314999377,4.664700740973921,1.91399354270138,-0.15380709166790818,-0.9305105625005945,Battery Anomaly
2.4046233942405966,8.074877607267382,2.8011356138311445,-0.3343585400625807,-1.7992444972834796,Route Anomaly
3.063371555205743,9.696310404901244,0.8082335287019824,-0.2278219650408338,0.431820957701568,Normal
0.7819224990163398,11.443164748621749,0.5103456652964988,-1.9337612567608056,-1.7198449866329044,Normal
25.37395349064326,11.910685416088253,0.0,0.06704243745736752,-2.54879630631381,Battery Anomaly
4.450388347212785,7.749051464941138,0.7636703225874971,-0.2638324706099924,-2.5406655686874045,Normal
3.5957628420668932,14.589700046470039,0.7306343172006209,-0.13305004568414236,0.8251457836994684,Normal
4.913835655338399,9.39878276879042,4.609354613133718,1.6988578869241193,2.486315856151159,Route Anomaly
2.0034042325358774,9.629587142512513,0.7011061207086198,-0.37675911073626117,0.40642647380769537,Normal
3.324148557098039,6.737485512412259,2.0403477829691528,4.682118610722907,15.263488179865243,Sensor Spike
1.6107342527495423,10.842863332513923,0.6156728031824692,-0.861577076015077,-0.18945952846336445,Normal
2.579978833370149,9.492019536741404,0.46276682003203906,-1.2845166805244934,-2.923778027313684,Normal
2.762371492591149,7.854685726336145,0.8830068775485963,0.9896616235174543,1.4070889250751781,Normal
2.6368149478737184,14.068978129816339,1.2723620421034698,6.506100194894419,13.375850799236753,Sensor Spike
0.5,9.375227938427669,0.05114723860242035,0.2545271600665553,2.2330271919379214,Normal
3.7134814322903646,12.9768785220262,0.26506106019227,0.44586043418250676,2.7044371416920674,Normal
5.5515233560853545,10.114747296735667,0.0,6.885404450174117,13.694027761998772,Sensor Spike
2.5971181085887167,10.495954569572476,0.1107361772376948,8.851459779334888,14.924893116617916,Sensor Spike
0.5,8.65982447818303,1.822417690560504,9.352925002560132,9.724463441301456,Sensor Spike
2.5974393665485946,13.0423361735187,0.6785251663668768,0.9795388661142866,2.0385421397287,Normal
5.963825341647806,6.76663597214169,0.6055840759133203,10.47727791270346,14.94235485834944,Sensor Spike
0.5,8.414041593957984,0.5389846485613095,9.996481304691983,11.841937191194361,Sensor Spike
9.872796869046637,9.368287604074382,0.034985953556659816,-2.0238862682953926,-1.8726940834954577,Battery Anomaly
2.1756776396321738,20.222572477631644,1.07110283109011,2.1589971611787977,20.797434695775976,Sensor Spike
3.7677662510606122,12.816116572082432,5.6166980655545995,-3.727017425201561,-1.6122952610893295,Route Anomaly
11.927719307966639,10.576940750309712,1.5023936466192278,0.9222309102751809,-1.1599470215972285,Battery Anomaly
6.510134099644576,7.52021191522377,2.5833912689567518,3.7186561002932077,7.895795099731495,Sensor Spike
4.001568833940263,14.175260780517302,0.44957789548200716,0.16215994715330773,-1.2999099081355414,Normal
5.436323095772735,10.581846715813816,2.737254229400217,-0.34403793999134824,3.715993528024014,Route Anomaly
1.6467313200064821,9.699439031233204,0.5449137361776463,1.0142163041243324,2.061474708651862,Normal
3.192153051983308,4.841606466089667,0.0,10.779506918857301,2.7093945734123404,Sensor Spike
2.8887462448629666,11.576122947442204,6.571453702939801,-1.11582180184719,-0.8245360845817102,Route Anomaly
2.1457028324461893,12.184506735184225,3.825980546043777,0.7106296689850344,1.0662971426159522,Route Anomaly
2.4239107836338443,9.418161337076798,0.4669121318050464,-0.030837648281280217,1.7702170779377573,Normal
3.3683909042832334,9.680085818983555,0.4494415053433104,-0.233421338347801,0.02388351297524416,Normal
4.9907832822782705,9.287051256755223,0.0,5.3829107655874635,16.03419651437474,Sensor Spike
4.582005123934582,8.712283746054615,0.7414874523037076,0.9482910462764015,0.14147316774660768,Normal
4.501624508880376,6.776869670443173,0.002850169841471184,-0.8638240805417141,0.7705323573313551,Normal
1.8196263190430195,5.910163861063657,0.6637281463858429,-0.8572335903594849,-1.6976085069649598,Normal
1.918171379854766,10.996029389049214,3.9231533324225203,0.9670283126643353,0.7128932180251379,Route Anomaly
7.8625336228424105,8.8798509169775,0.0,-0.9410671170713497,-1.5781364516556593,Battery Anomaly
6.39159814766138,13.500311262275833,2.1671592488105267,-0.4400667466545902,-3.4990314661336197,Route Anomaly
4.5697073557766394,11.558711457731329,0.2891783157290428,-0.24237667920558303,0.8765242349087599,Normal
3.592891504952256,9.61166183110789,0.4712571023687162,-0.34001839057956307,-1.2144968546111663,Normal
0.7421760598701423,6.581565298300071,0.5386777898270058,-0.6877753083351964,-0.7333671025650028,Normal
5.916968013286613,10.934281702924036,0.4828689417683112,0.16122311418894764,-1.9199810046448083,Normal
0.8889410262031214,8.845257269862389,2.2387184231758215,10.952949421110983,7.733319274659555,Sensor Spike
0.5,11.893975829185312,0.0,-0.4146894365125451,-0.7424993172608825,Normal
9.477734843016513,15.498545630680475,2.592951226472879,10.45145750064517,20.640883550807676,Sensor Spike
1.2123990792998693,12.611271243303424,1.0749866582137362,15.719071400385324,11.4487532785668,Sensor Spike
2.692292927512775,8.556052430747709,0.0,0.538387190999116,1.202732732765568,Normal
3.379371006531387,14.211304237616492,4.3566178984310735,0.8044536665098586,0.39556503761526757,Route Anomaly
3.467169596811477,11.283947724573704,0.3488027486143005,-0.36395944145665904,-0.9369601986083169,Normal
6.224784415919186,6.028973681388151,0.7203612630144375,-0.3928772099573349,-0.07411080069287612,Normal
0.6095752287393246,18.56520475910548,3.5746528496682424,0.24021303309790554,-3.9873469719593686,Route Anomaly
5.214256935368471,8.942329449332092,0.3531363173743654,0.4034272322196105,0.6993920720380957,Normal
2.3752343541669547,8.479579890875069,1.213745246768054,0.9362736615414986,1.863252022782221,Normal
5.548046337055198,11.26463873272831,4.320325882599017,-0.12104048462225242,-2.6671986835125567,Route Anomaly
11.82155446076788,10.190686827358332,0.2260912438962397,0.883756477857543,-0.7107589773946441,Battery Anomaly
9.821036124491997,10.376135418609186,0.0,0.8942109842436666,3.4659292492286875,Battery Anomaly
2.4234432576958747,8.755105705772369,4.988284008707314,0.5864177364309424,3.3174372015321385,Route Anomaly
4.2157389430890255,9.023410920268418,3.8080644085485007,-0.6346752025403863,0.13538528300323208,Route Anomaly
3.9563772503535994,9.008588706562566,0.21890268519450695,0.20672665511918814,-0.26245328820725244,Normal
11.383638088159309,5.179458000389672,0.4318325581606691,0.5837792575984593,0.9449253632422693,Battery Anomaly
3.9514378417487217,10.145633664951315,0.5632879172856587,0.667378132683117,-1.8827089879673615,Normal
3.2856096727548114,13.489063956938733,0.28194435535876594,0.4673273748433303,0.38200027021645516,Normal
5.188795091993541,9.209485187760201,0.29868455628082013,-0.48797014689492624,1.1282357966558363,Normal
5.495656010831795,7.626256585396331,3.881115380101334,0.7552370399070261,-2.2731085765283017,Route Anomaly
11.773262806434746,6.5930735332600765,0.8448799981137852,-2.359070292486342,-0.9739759593225981,Battery Anomaly
3.1665499807739494,10.56683639329649,1.1592718642521675,4.141338308275688,6.796901916263639,Sensor Spike
16.41636714479769,5.502706648360337,0.48068523601196667,-0.047877553786321,1.687043623851618,Battery Anomaly
6.057019586900067,12.16928450761181,4.662297786303716,1.5569287518487802,-0.24982603539739778,Route Anomaly
3.097976387053677,9.385102018630363,1.2796438543804503,0.6055897199821925,-2.2721472092714996,Normal
1.7159280511804786,12.655126955665928,0.2654515060616967,-1.0402836712241754,1.929339703717113,Normal
0.5,8.974179133339895,0.5198617233849815,-0.10801003411683957,-3.0633524318131413,Normal
7.548256404879541,14.315565378389664,0.328470088658282,1.0634526149120234,6.59141143852267,Sensor Spike
2.3363399984131803,14.969082540580347,0.2500674534741299,8.614406025853683,15.51240887841126,Sensor Spike
5.896965097535017,9.93326158135173,1.6381052521243347,0.4243094195924795,0.5175975984879261,Route Anomaly
3.68272205601593,13.95824734826299,1.581659837449613,-1.014658430214828,0.3585992497479082,Route Anomaly
4.111952019804437,8.077018761393898,0.4663200852404664,0.12574337121543908,-2.4961264962423213,Normal
4.624655129127666,8.553206944801644,0.5031031916302018,0.24008087046582705,-1.9668271048011028,Normal
5.53931613931442,14.179981247570499,0.43748493509622255,0.058861413307307764,1.321460287611309,Normal
2.478487396808753,10.531602367183652,0.5424285874110563,-0.5094715063868751,0.4122767961175353,Normal
2.124287339873195,14.029677433350537,0.5629673480892994,0.8737846211622564,2.074114774550539,Normal
8.885890460203612,8.262514148804517,1.8674094684218319,7.464180075306485,15.419977574633444,Sensor Spike
12.027470384310227,10.100535603388858,0.275297780308501,-1.7449716084404083,-0.5085856778246625,Battery Anomaly
2.9301863644887707,13.615503847255887,0.17624352150076877,0.9644367668320248,1.4044594263116608,Normal
5.699433376213352,4.721531275753906,0.9136470972698039,2.240314866490902,12.65801963653686,Sensor Spike
3.6362078926303534,11.646329110254527,0.30654609799001,-0.16511060349095164,-2.8698929301952223,Normal
15.24301264636048,16.53935495466551,0.6293238170941746,0.7795380039469328,1.8364200978603489,Battery Anomaly
5.033091924966216,7.480479184836429,0.8543831542516597,-0.4847512050798041,0.041162542828480086,Normal
2.0518581963047,14.59349220946788,0.45098087332094167,0.4338729410411675,0.5032347224736823,Normal
4.623656965527237,12.886672382617647,0.8069311255761363,1.093373683064994,1.4002277356111525,Normal
0.7180405610835185,16.407814816028285,0.0,0.6689989464044854,2.100903506505024,Normal
2.2980026392255692,8.788065955735245,0.5775782148732427,1.0667812529384968,0.6356585369514149,Normal
3.0054984997726946,7.689639812392485,0.23375724139068593,0.2529911764647934,1.655619910882195,Normal
3.676575936157608,10.520569374211346,0.173116189370083,0.7290509211675873,-0.9198339595948877,Normal
1.2472320316454408,10.120699139858214,0.9485824604978572,0.008108144840976828,1.4753783252258514,Normal
4.703825801478838,7.95644064791343,0.0,1.0694124496015922,-0.7850810692873725,Normal
4.021074314608747,10.29763831305498,3.824994274738874,0.7839333891950505,-1.8818048045179467,Route Anomaly
4.843124476996611,15.168372552273565,3.9100816308511046,-2.456113764034382,0.4323316171556114,Route Anomaly
4.427865267931741,12.397705170496344,1.832263992062286,7.103756654839087,12.254017349383506,Sensor Spike
1.310340313014577,12.667390170035802,0.8907636764748235,0.7847045479093875,2.0218058029459223,Normal
10.497620541484348,11.941031315029372,0.6509169737470782,-2.9773173940062385,0.38944548458275463,Battery Anomaly
2.748061949103589,11.054306163395013,0.5785927747337095,-0.29945952053475267,1.735658352992648,Normal
4.48392934669098,14.287650457460558,3.8934610810538572,0.23004639906603683,-1.0383257382364781,Route Anomaly
0.5,9.690900901830258,1.6553990727752628,-1.2599831669099295,-2.037725584847517,Route Anomaly
4.3500755793723815,10.571098931756252,2.1826220565824452,9.809823392064958,11.556217846153054,Sensor Spike
1.9138782152939173,13.199781121283463,0.3575477607282059,0.8554072724680744,2.010426792466588,Normal
9.281422501586796,8.253027862412699,0.49985739168182947,1.8097939109627605,-0.7285656013594521,Battery Anomaly
5.839289147765659,11.878973122072612,0.0,6.960501609485512,15.748443846061642,Sensor Spike
4.719532504983566,10.741624084242623,3.1198357654617075,3.3659183319523898,-3.8577604269303354,Route Anomaly
5.26012289506042,16.348818541715328,2.160735332832252,-1.0154706460268712,-2.73680126114413,Route Anomaly
0.5,8.579599051394874,1.1728468292869523,7.661812432922315,12.60879399707326,Sensor Spike
10.881672897703748,12.400873730410348,0.21202015044428124,-0.48414963535265976,-2.229970092577637,Battery Anomaly
2.6615872091975463,10.173899025013645,1.9093421654563505,2.100985788087513,-0.010845467024294675,Route Anomaly
4.886693509632849,10.351867485349814,2.5794745645256567,0.2192123735325524,0.26884474025090677,Route Anomaly
3.4957038421846844,9.168106551368494,0.7995728949834318,-0.4351414973628638,-2.6305356410891085,Normal
3.811163898841416,11.07359513225019,0.23602271008149875,8.042517897361302,8.397824318901936,Sensor Spike
19.13901226135159,11.622778409435751,0.5725889072234798,1.4010964393339833,2.6293502066259737,Battery Anomaly
2.927858919502983,13.358036840815258,0.6706239059069884,-0.030003674804203517,-0.5821096664731955,Normal
2.4040673784912476,16.67711862353259,0.5075405002303335,10.119472727887555,11.352413097363666,Sensor Spike
2.555020925306578,12.884543703825736,0.6940670241140292,0.015601736567502633,-1.6340369947375393,Normal
3.4016271986548112,7.082295964030945,0.25073021923164984,0.860807500424371,0.12081822977217449,Normal
3.276884454459641,14.522465655156234,0.11447485624931433,1.1096682754244034,0.13034803969303244,Normal
4.777038943185871,10.169188796792781,3.6987821779281465,0.28902073649755455,-2.937741579799941,Route Anomaly
3.6823771739966276,6.229748067350594,0.0,0.7304696545113761,-3.161481717566949,Normal
6.389183572865353,6.0956454918929,0.849013135168569,4.129273144682596,12.178762359761642,Sensor Spike
11.536120536723907,8.733591771567268,0.08856039256510656,-2.4379830874968307,-1.8925676057260628,Battery Anomaly
5.311524334406371,5.5064907394556615,3.776944599725424,-2.18262771317654,-1.004777553309593,Route Anomaly
3.5604793150931586,9.832312237543048,0.675677538459837,-0.3350142741002696,-0.37175685300713973,Normal
1.8427385519053676,10.82543689311859,1.911102494070924,11.970612787819691,16.594536916845904,Sensor Spike
2.1228797928761196,8.17056437712396,0.9142878138248374,3.7392755750743936,14.084046015139599,Sensor Spike
0.5,8.419156576705731,0.0,0.02318916115780121,-0.13160398091055298,Normal
8.488162601759829,13.401524086281572,0.1317086394672365,13.396905484169324,6.1361999574952355,Sensor Spike
3.135548381598911,12.135716939050653,3.9345047413681975,-0.5722654850099231,3.646510179796903,Route Anomaly
3.535584952573665,13.55555693655773,0.0,-0.7439088869287515,-0.5158752658129677,Normal
15.96465502887936,7.181879476239515,0.11611906293643548,0.9162045406949437,3.2884082833384283,Battery Anomaly
3.222403882322921,12.823076762779554,0.24731665586642612,0.8627119779190375,-0.25893621936692984,Normal
3.595157332818306,11.621236436561933,0.21170170658575604,9.140411207378683,10.792607400596948,Sensor Spike
4.215149703086342,14.60691445679557,3.8168009002748353,-0.7701693911825902,-1.5893571200992258,Route Anomaly
5.00023049472059,12.828127780812755,0.7044526705025747,-0.9303851850367789,1.2643213207054502,Normal
3.432328416235994,10.317791065985913,0.8209106303005271,-0.30265560518690426,0.9740499783448819,Normal
13.619600893611747,12.541257540519759,0.7950684584083125,-0.8911577154078679,-1.3636883803942492,Battery Anomaly
12.972362374566089,12.994446509042014,0.26991323784465393,0.801598679465998,-3.3238628308823133,Battery Anomaly
3.809029878914863,8.525995637377298,1.035190619415071,0.34038992033872395,0.1539667613578684,Normal
1.7724735575607382,9.80807183251028,0.0,-0.5446484811835466,1.0061621325960792,Normal
1.1362839497876123,9.497992808309998,0.13700863333480423,-1.282658224003075,-0.6270788341523292,Normal
5.199824632493552,9.813156449922161,0.0,0.8189965689910597,1.479404578237745,Normal
9.381209804725305,13.54400491255828,0.0,3.29343012383736,13.73780511327658,Sensor Spike
2.5106606071954563,8.069514118726353,1.925682484611301,1.3283588406703104,-3.4740920017675547,Route Anomaly
3.292124052747379,12.10177509289393,0.582126745261538,-0.35158643031605624,-3.280174533413314,Normal
0.8416243020154069,10.271308518048397,0.33711956387945097,-1.1394155318430483,1.0678209673126862,Normal
14.502360311199865,14.007706741728635,2.069870912927759,0.584084929880186,2.5856361607606004,Battery Anomaly
18.18000522654,11.538398815756334,1.5480690152778094,-1.0399660041719039,-2.663655277637976,Battery Anomaly
7.405127076669499,5.12494081753251,2.4584301512328928,13.062141600010994,2.41712996931248,Sensor Spike
5.289577712494086,10.392033188813473,0.0,7.56871499948806,13.53155785483554,Sensor Spike
4.263968031622192,6.810797527651901,0.11507584993836778,14.395345771461137,17.286111953926792,Sensor Spike
10.182775819205474,11.961627358802154,0.06620889228927851,-0.5709071288744935,0.4213149006926069,Battery Anomaly
4.402544374190775,12.822183157773804,0.09068970764212625,6.411073422007108,11.526733687080409,Sensor Spike
25.31018485170467,4.605852710440539,2.4710474720222884,-1.7558064382263254,0.812270969194684,Battery Anomaly
7.853147049147982,11.512023597326554,0.0,9.837317594781453,19.835400679064392,Sensor Spike
12.77926308228822,11.95150947498565,0.5428574790433427,0.5321363901517384,3.1991362000447805,Battery Anomaly
3.0229066561797833,5.389600824015993,1.2934364959878626,10.345248546562964,3.2501387237595667,Sensor Spike
10.052614123507343,9.564192068312181,0.7814868734034255,-0.028837229266556186,-0.09207841306643416,Battery Anomaly
4.290405174821118,8.186821547934054,0.4740273816757553,1.1542409306096015,1.1300630346108151,Normal
2.0313436726102387,11.96964145981764,1.1457903171578039,0.5252245648342304,1.7961512169693121,Normal
4.219346535616539,10.568086514116995,3.194306157076161,1.0076337230840882,2.106873137844908,Route Anomaly
3.4186801796122297,10.171629991439675,0.9262838826344325,1.2566344189582952,-0.8087582957511796,Normal
16.029037650814615,10.605151923538495,1.1060692237727845,0.4323410678674,-0.7209118299509156,Battery Anomaly
4.187153185294842,16.572119341385292,0.7680136467423951,0.18888300428541616,0.05216974237990235,Normal
15.179740362200942,11.338733246273655,0.31059451149641504,-0.6812747051125629,2.4115747874638926,Battery Anomaly
0.5689901913194817,12.26563108530663,0.6086147577346148,0.586394529369138,-1.4092831707920428,Normal
2.1816852237919653,13.965520101512668,2.0239056801318993,1.3879126293476414,-1.738905345829783,Route Anomaly
3.5023290703756578,9.68964314549202,0.0,8.474075204285072,8.710957261154766,Sensor Spike
3.4289058050906913,13.209577176219096,0.2741047935622005,8.904563503875325,10.571188373181062,Sensor Spike
0.5,7.63363621424554,0.6589929028733392,6.86564567535797,7.424865256706166,Sensor Spike
0.5,11.774383218279354,0.0,10.28871611056039,8.966181316636415,Sensor Spike
2.804630408103511,8.548940260415925,3.2653719996700623,-0.00866662159157161,0.0709904443510812,Route Anomaly
2.1018600612875074,14.147737133397875,0.8759402667807805,-1.700299972655943,-1.966857105301771,Normal
10.701799243045356,8.153173590746494,1.3287690289218594,-0.029163450795802293,0.6399661351821533,Battery Anomaly
3.122441971905667,9.63824296546827,0.3286977205854922,-0.3894885638918009,-0.2646515719171412,Normal
0.8485954442737801,3.9859411157915217,2.3425032216264885,-1.7639530042301041,-0.5664764177216293,Route Anomaly
18.267971990983327,10.495485106996965,1.0456604296836376,-1.3110746304648309,1.3303395165252134,Battery Anomaly
0.5,13.221283179818327,4.713211929948156,-0.17149851532549032,-0.46769513532610846,Route Anomaly
5.017577508861799,12.016040655154963,0.7419389094036561,-2.2956293907316727,0.5414385519893761,Normal
9.129000131777845,14.845932919841015,1.2530965105028642,-0.03044097505316501,-0.20917092805254844,Battery Anomaly
3.25306527611652,16.190530469728014,0.0,13.298948731106393,14.376540258271314,Sensor Spike
2.8472330147001057,10.453412238710055,0.8468663713033474,0.7665934006044645,-0.7043923799396827,Normal
0.5,12.77377596874112,1.116061045655983,-0.6221967946255941,-0.3734820189596346,Normal
2.075463632474589,10.582079328236327,0.6523883141600942,1.3997212146683493,1.3011691315207892,Normal
4.869086195989226,10.803554287645479,4.481226472838603,0.04355200480255747,-1.5729977604132732,Route Anomaly
4.3044753271569025,13.312940660007811,2.82753547662682,8.565171618680038,15.555237626735254,Sensor Spike
4.367905841096435,8.17186407362389,0.8115024570592178,1.2317168424572411,0.6976963024567489,Normal
5.025157345910085,10.899586319576638,1.0351761225807172,1.284628989520539,-2.453298266084408,Normal
1.389240621088359,11.530339792843062,3.9301402355316943,0.41527880514936255,-1.8633950386293137,Route Anomaly
5.948760766845197,10.573510698659994,0.8750438471262285,0.9828051685918346,0.08947417162760818,Battery Anomaly
1.5052477132151472,16.83568755686528,0.7192013563530274,6.330663582513879,2.7289634082783802,Sensor Spike
9.175269038751694,3.4686302728816294,1.5389418072557954,-1.1727683388777221,1.2568738405607,Battery Anomaly
7.331197472557534,4.321213576364308,4.736076476118316,1.503484512722667,1.8899912553807676,Route Anomaly
6.045939198631416,2.9841225749587905,0.6176959570109826,-1.2212569705393068,1.2050411223882098,Battery Anomaly
2.964580641600824,10.325782601185582,4.568979178341312,0.4171389680229485,4.303043370722765,Route Anomaly
5.907520275242133,6.742513147651471,3.6615392638434767,-1.8573889903322278,3.3501829287431537,Route Anomaly
4.798406671455716,14.813833039207221,0.04750809471388473,0.07023701894358214,-1.0223583719779668,Normal
2.110898909314659,10.919811275699375,6.766994125044832,-1.8185367426476549,-4.537536552250629,Route Anomaly
10.791881929523441,10.498173831434052,1.7061444031452397,0.7939003188965486,1.8350082288380054,Battery Anomaly
3.8579632170189258,14.228114099205607,0.6877363640601682,0.5922518810299668,0.8725791521570831,Normal
20.474943769611606,6.1357154258056905,0.9602415955127942,1.7284124278436674,0.1329989623286354,Battery Anomaly
2.7296818145157564,6.221919197872268,0.8707765596182724,0.9083845985742082,-0.6020806115397559,Normal
3.7572640789715397,11.647190030810366,0.7375470203626252,0.8976189277875593,-0.4304721013427145,Normal
6.264828418982825,7.612458497285337,4.095065299428726,-0.7235897636360316,1.1026232339020672,Route Anomaly
4.572155503793532,9.388111294968535,0.6712329586578076,0.33732612414411484,1.1686190042910911,Normal
3.160850741470454,8.597588694989689,1.3684862325232752,-1.2230263629635454,2.2735938020143522,Normal
0.5,6.994375843857613,0.6716848392532919,-0.5282423984392686,-0.4313981549393695,Normal
2.463576572626029,10.077528299087287,0.39903560254508386,11.250284891846837,-1.3987160347616445,Sensor Spike
5.305392336020201,12.621950035302786,0.10081689777692249,1.812216521906675,-0.3602842181926946,Normal
4.503359856335882,10.527086608634797,0.0,0.775045051213332,2.306818557883785,Normal
2.2004750984459647,7.685304418214572,4.261242901664563,-1.6117590216480047,3.7221706883280383,Route Anomaly
1.352189248073013,9.850021529645367,0.4413587294655042,-0.6810529940205359,0.783483840308683,Normal
2.303361180842912,9.85901734573417,1.109556811267812,-0.49926939877596904,-1.296493725857067,Normal
4.23335381417483,16.189364672066862,0.5577142557488689,0.17147159562743963,1.6608513499805442,Normal
1.2163721892391994,8.832116664087426,2.5910920797478276,0.2442782816603789,-0.6517207346092995,Route Anomaly
5.001383122557967,12.321588167531813,0.8890494203361297,0.8127052314204504,-1.7330438510954922,Normal
11.475996877872678,9.805272163542302,0.8748011141840294,-0.32251131651966713,-0.6417462014978581,Battery Anomaly
6.118628090459346,14.55362402824745,0.8945930768870265,-0.2027798003786749,0.721377335527342,Normal
0.5186549237757252,12.852327203422623,0.543030956106849,0.35602607610860754,-0.8062514592837117,Normal
0.9645734537809086,9.864428434885191,0.3273107438201262,0.5635913130785382,-0.7808407184480206,Normal
6.893081057098854,13.59798865264165,0.0,-0.6565499427123198,-0.40105023931427075,Normal
10.579845853788422,15.805141858682171,0.3063809300571372,-0.22587439273626553,-1.8738597285466894,Battery Anomaly
1.2288656559825188,12.155513401904267,0.38280850259023935,-0.32747204237059246,0.6770902268097752,Normal
4.105445786079409,9.372303538446111,0.7660508130767127,5.6911841747825065,10.390779591877413,Sensor Spike
9.675207506362556,10.169271337383089,1.3449459888958746,-3.3451362901014594,1.672609664587587,Battery Anomaly
3.427975705308057,11.888858644318042,0.16645635474453713,-0.04572043345100696,-1.0354092162775663,Normal
5.255412540750271,16.781578891357103,0.6285852148217501,9.266123918618307,19.339130420436778,Sensor Spike
3.8763378367552006,13.303136734686404,0.0,-0.1653816750293151,-0.47161547083817457,Normal
2.6673168140836347,12.258376167394532,0.290041130876391,0.08645713638839275,0.10893063638264411,Normal
1.9640360185966896,15.433045236253498,0.21588478105366823,0.0733709773095832,0.1720407912543523,Normal
0.5,11.59242116249835,0.3648450438374967,0.0916360836840398,-1.7565825687825694,Normal
4.567383740143913,10.501781090546098,0.0,1.1276146202941124,2.169144899494765,Normal
4.740774226602817,9.959714877562103,1.3466446424655167,0.4545016000825801,-1.3316369983814267,Normal
2.6403906610383086,9.003239883845538,1.516055633472203,-2.6235732929757702,0.7519257193745426,Route Anomaly
5.761048421115887,12.788885076411308,1.338926221579913,0.36060667651768974,1.2267606211890014,Normal
5.5198490846328845,14.50314574008002,3.1743754405407363,0.28979758961890306,1.213157017315397,Route Anomaly
1.190804241087988,9.065056882460691,0.43029751672373284,-0.6011231518534763,-1.1721455145345454,Normal
0.5,14.099436022404376,0.6198114208763873,-0.6224686001801535,0.3757009808065884,Normal
2.9286948836763402,9.661700775482686,3.8686623418803836,1.6882245110048761,-1.1808532900115278,Route Anomaly
0.5,8.00866354071808,4.212953511744361,0.9833011814800684,-1.022215188184954,Route Anomaly
4.215894350520185,14.204226872373443,4.359910135286623,-0.07160232283408874,-4.946916644633844,Route Anomaly
2.5104360923470512,7.106173191818467,0.8627667203026506,-1.1040204735886974,0.6225823749938797,Normal
0.5,18.220211720765136,4.852928411601733,-2.173219153988435,-0.6527979756509681,Route Anomaly
4.732199883557191,11.198468685002295,1.0026796031675382,-0.20824693929685695,-3.1830038713243036,Normal
2.3330607650949973,13.765626184330475,2.824982661808703,-2.6080740734436576,3.467750826880896,Route Anomaly
2.571498777605213,13.974079902377506,0.09595736791069509,1.1035364530459382,1.7524555132454376,Normal
3.7146120090217387,10.007479281480284,0.04933262546339392,-0.06859653416211878,-1.6008932527392286,Normal
0.5,15.008815031922886,0.5980797049563619,7.379076877739277,14.1048718049501,Sensor Spike
1.520316832122896,10.418509700968732,0.0,12.578246095756487,11.552430707818303,Sensor Spike
3.8526094844273056,11.079094348512783,0.3027015337452412,0.45479940775592176,0.3837621391103608,Normal
4.27786972450116,13.144491192287692,0.5021580539455313,-1.1871716654272761,-2.2911092082272946,Normal
3.81802639022339,12.952430254540168,0.3931221840697876,1.6158081322559863,0.8937886381491502,Normal
10.502982844701057,10.02656738176831,0.0,-2.010744155753067,-1.7478770485655377,Battery Anomaly
4.215857294301949,11.49660042290901,4.553713628885177,2.0315544056817583,-2.9281223086283514,Route Anomaly
0.8329642646734099,8.971531313504807,0.35591847218550293,-0.7236560814020189,1.6200588526910744,Normal
3.8748713280834695,13.248590533030422,3.908323291655928,2.044482550217029,1.0701804435963687,Route Anomaly
1.9574886342658693,8.977276265574666,0.5786266809912446,-0.9087515287601347,2.55658696776101,Normal
2.721600249767844,9.562968634525426,1.5734402323788088,3.9159859455996635,9.766176186423461,Sensor Spike
3.4499976186952357,7.880578452268974,4.007351621535247,0.6647583168789568,-1.5217952482516786,Route Anomaly
1.7132512551330157,9.389937544850733,0.29970556290465544,0.9814674049850196,-1.2810378445274113,Normal
13.996687698592106,11.464581673076289,0.3993103188616234,-2.4241850260459508,1.2426078975611776,Battery Anomaly
0.821734095254131,10.005311157568638,0.8589854454233026,-0.49856603585006865,0.07995726682892523,Normal
1.2084482322355874,5.906629938716826,0.5763400449171128,0.009682757356641702,-1.1284780965205712,Normal
1.5034032186267174,11.964900794075518,2.7268465006349785,5.365874280349304,7.962487102414931,Sensor Spike
14.156316842432675,2.738595312621606,0.03532131250386272,-0.4185030761767864,0.7191682828582382,Battery Anomaly
0.5,12.152863498059013,0.5106760722933839,-0.7145396363671439,-0.15603072359206926,Normal
3.565325824027544,10.622023676231018,0.4606091980549147,0.1568732166762818,1.8212029128125096,Normal
1.4246419844169558,14.355145922607567,0.2482821616696852,-0.5513373415054753,1.4046955358462205,Normal
3.41246742468796,12.839322687506295,3.280085899813248,0.4596095076251502,2.9877499987951532,Route Anomaly
12.687018634655134,4.170431221266889,1.584120652030472,-1.2577359422954917,0.3319806330893492,Battery Anomaly
5.094889648083937,6.540128816878957,0.303250409339741,-0.13928198166015782,0.39003871591062766,Normal
1.5729526599699475,11.784474220377747,0.5887271406884247,-0.1858253886929478,-1.6401966152474745,Normal
1.6783097732818415,7.6512599009507,0.16744325349707706,0.20111448438320562,1.0449171167927802,Normal
1.344169049956002,6.877331271074601,0.31742853319915754,-0.6463537508431793,0.85600535583469,Normal
2.5723670736982642,11.024197122167434,0.7401162045786561,-0.48569254304362963,-0.8114455082133728,Normal
19.843653602890527,4.703706903401824,0.8754937310262614,1.8126336212040068,-2.104663805259128,Battery Anomaly
1.5893683606250022,14.052145601623568,0.5585923827182059,0.5978419744405201,-2.0307903911770797,Normal
0.8271916162209973,9.580034969097134,5.829288267204413,-0.44738241617381114,1.7265224014759446,Route Anomaly
1.5799655157878505,11.345042454079035,0.35330534571122196,0.9452346740171729,-0.6963577766888263,Normal
1.6992189179289992,9.379100678827305,0.2398412265281285,-0.04339695816671496,1.5313780791588374,Normal
3.8713724655707416,8.894551446198713,0.6915038943003583,-1.0837844371040717,-1.840687426898032,Normal
15.126981383272962,10.5927406038298,1.0365389951630084,-1.9182138320603102,-3.0345608900614773,Battery Anomaly
2.552159128783682,14.415772435443921,0.18186278365672506,-0.6303945563603427,-1.9015902924902617,Normal
3.9197951411344496,10.828638609597625,0.5855705599377774,1.6454656127602043,-1.606947883092142,Normal
5.567060591255838,7.945095725902963,1.1383784665990495,1.1502826562376147,0.20604011135820688,Normal
6.132026206292885,11.737941853159695,0.0,7.696894239630732,2.33206935058064,Sensor Spike
4.525579740023817,7.08918049434358,2.5032540183158396,3.043073930094293,11.102872232491737,Sensor Spike
6.037265275039712,12.759591739073187,0.3210318142085533,-0.5790036580340916,-1.8521713849295462,Battery Anomaly
6.285004705231736,18.05871740301394,0.8609697702283038,4.572436576203337,12.240553154253774,Sensor Spike
0.5,8.966290577763292,0.15801300470115265,-0.49459347053253844,-1.9492348877930352,Normal
5.375028914633739,18.95348223295795,2.065445181028867,12.90724374061083,5.972232924757777,Sensor Spike
14.042113232770376,7.238506011971648,1.5326317897580415,0.47196141364657795,-1.7933438327153488,Battery Anomaly
0.8966762118580665,11.477214957551192,0.6389784921941835,4.733741542685181,-1.5311946263977356,Sensor Spike
5.481324410370936,12.416526515053103,0.34533399685017435,0.19091671310945302,-0.4089745385064971,Normal
18.06252901168267,9.263362454458457,0.0,-2.329917406021787,1.9129757669336702,Battery Anomaly
2.9119052585205893,11.710845582657416,1.2814220929080136,6.865418461354476,4.127954124043394,Sensor Spike
17.49360340525335,12.008032741759104,0.4302659082858318,0.8113542441513283,-3.0901467370309135,Battery Anomaly
0.5,14.101872606514677,3.4007884309355956,1.086465571534207,1.1219824590228127,Route Anomaly
3.436470426971874,14.312642774421624,0.8652231379677888,-0.34307738810302657,0.7620679548987747,Normal
3.1761551999668987,9.43475774763845,5.544571053458904,1.7316266094782757,-1.4744592182716434,Route Anomaly
4.239420419870339,9.322806962412084,1.5256076006992707,-1.764375466623775,1.163901977143559,Route Anomaly
2.50795853441285,13.535984356727177,0.0,-1.6881358945222764,-1.714329109801845,Normal
2.0667089267034875,9.175632936772395,3.5048362984385713,0.8160568296539984,-1.4744991245985408,Route Anomaly
8.10914181237137,5.002426010888552,0.18317449776587885,-0.30254716431799555,-0.918568077278582,Battery Anomaly
3.5442864871928204,11.21298886621598,1.5423721360322773,0.3697642650392239,0.6263261301520875,Normal
2.1969211574220395,14.619815779547148,0.7330298112419529,0.16797947478055475,0.3564633611779291,Normal
6.421959576909971,10.02834296900458,1.402547725516273,0.269958587181284,2.1959215084128156,Battery Anomaly
0.5,10.288410823910855,0.03879531692867583,7.376363028172994,5.307537647056008,Sensor Spike
0.9404277703931283,8.248585930052457,3.1591297417818778,-1.4138069684283014,1.6737233427476623,Route Anomaly
2.2017040052699426,4.4902539451201795,0.7536241418034338,-0.9037127311490926,-0.10443449572929642,Normal
5.6069600941224165,13.103026514018513,0.6182126670730076,0.2392500334279748,-0.18316720427509686,Normal
2.4581858510349837,7.462715131149609,0.3975533819807425,-0.4137536180690833,0.1564777466919658,Normal
6.086226569838778,9.152110572829182,0.3781407901105746,-1.2431028937976452,-3.1156943050608583,Normal
5.256593091891121,13.03864457631791,0.2753111707237125,0.889931961741409,-1.9028024568402582,Normal
1.8246721805493027,11.731853986380727,0.6058182943711479,-0.25663537692967187,-0.6810878934929716,Normal
4.855051175460929,10.04727193356829,0.9000006021734606,-0.5196555120236109,-1.2953195524642727,Normal
3.2118981917294365,8.56203330926641,0.3456509958281795,1.029547573420559,-1.7501440213731987,Normal
3.183162070880151,6.136764996107502,0.0,5.545641075936981,9.934549857312513,Sensor Spike
4.078882484219432,9.152469327498242,0.42683162170786815,0.5299329786205169,-1.5226952569816956,Normal
3.068756769902751,11.726337409531036,0.624245818694284,-0.7502138270403396,1.9251414213106082,Normal
4.605746214968997,10.893585212919161,0.728424982476142,1.1574597737756016,-0.44252974742882256,Normal
3.8841654856569683,4.620732203653351,4.063671724461364,1.2562038141174656,1.366839198212353,Route Anomaly
0.5,8.259503260384234,0.0,0.3651785512486178,-1.5069321728831264,Normal
5.741758023607132,4.570248648151544,2.668280859188486,1.0459471623631886,1.5959250164579308,Route Anomaly
1.052172873373768,9.43813488535602,0.2246999743077988,-0.8775562577936786,-0.31757893753723465,Normal
3.7569998054220743,10.77445181731793,1.4909931003621357,2.3692335802871076,1.7057207404910963,Route Anomaly
5.498754695506083,11.277581497654399,0.0,12.935827781109381,8.795037238487645,Sensor Spike
3.4302829642817816,9.264944274115077,0.5343682601326316,0.6402791885721614,-0.9202572106908382,Normal
2.060306051824182,12.36581535554701,1.0692205563145798,-0.7955462017995686,-0.7799847821088441,Normal
4.670960604695679,15.359203090983316,0.8204246664223726,-1.0643790146957186,-1.1169057820770087,Normal
4.783268342470043,9.867468496195748,0.6666613093422525,-0.034797930561510704,-1.2923474975622233,Normal
2.949144607553934,12.296673625313808,0.7269224280177584,-0.9447111493410062,-1.2441031328523267,Normal
4.9037047418083,15.873490008281038,0.022123423172418805,0.7284820195835354,-0.996623963946676,Normal
2.553491179439945,12.618011013682521,0.7449567811277923,0.6601469142623765,-0.1149891920538243,Normal
3.7005452055794867,9.01379132555031,0.15113072672136266,1.0429315427283259,1.8337010915371563,Normal
8.50848357063111,9.183295699509264,1.610558385305084,0.6584401101344015,2.3627995983968644,Battery Anomaly
6.913667373228336,11.095754308141103,0.0,-0.4627780667305557,0.48258327252334354,Normal
3.9559887664843396,8.844761675379704,3.488094242857307,-0.07291240051248982,2.772715886450898,Route Anomaly
1.5565112792953633,12.196865301603177,0.3152297311072978,-0.3474193847166084,2.257616716796319,Normal
5.182208213072063,14.152509489136442,0.4777133576800831,-0.7733247595630064,2.6827528052527745,Normal
4.358283987402552,7.088485447931858,0.3070252512244248,-0.6885380204397435,-1.5653788269976427,Normal
2.364833888963,11.184717498448476,1.0881375415849202,5.509645208184997,16.44012193024019,Sensor Spike
4.537917537526336,12.33159810140205,0.3793727513834306,-0.47341644118318643,2.547843316622662,Normal
5.261058143497655,7.358813417783374,0.0,-0.47680528469716554,-0.6276133351249822,Normal
